Autor,Comentario
@slcuervo,"S√≠, lo s√©, con el ataque de mala hostia que me entr√≥ al ver los coches, me puse la mascarilla del rev√©s... üòÖüòÖ"
@juanblanco2744,"ya,pero lo mismo el k saques las matriculas es una mierda"
@crikso1980,"Pero eso pasa en todos los sitios.....no es nada especial, simplemente es el ser humano"
@ramoncillerofernandez6706,"Se√±or, si la tarifa en el punto de recarga fuese distinta si no estas cargando ver√≠as como era diferente"
@josefasuarezsanchez8420,Saul esto es Espa√±a no hay verguenza que valga!.
@luismed9862,Este es un problema de educacion y cultura y tiene dificil solucion hasta que empiecen a poner multas por eso..
@Mac96481,"Falta de educaci√≥n, verg√ºenza ajena. Como en la zona de minusv√°lidos"
@comando555lozam3,"Entiendo el punto pero es una area publica, un parking su funcion es aparcar que le ayan a√±adido cargadores los hace mas practicos pero eso no significa que nopuedan utilizarse para aparcar, es el mundo publico si quieres tener siempre acceso a cargadores comprate uno o espera el turno para descargar recueeda que no eres el unico que conduce en este planeta. Tambien ten en cuenta que un coche electrico no tiene que aparcar en un surtidor pero uno de combustion en una plaza de aparcamiento si"
@gremaagmate,"Estos son los t√≠picos que aparcan en zonas de minusval√≠as y les da igual, van de sobrados y as√≠ estamos, como manejan coches de mucha pasta pues el mundo es de ellos."
@Toni-if4rj,"La gente no piensa , es muy insolidaria otro ejemplo ¬ø quien pone los intermitente para se√±alizar una maniobra ?"
@antoni5186,"Por cierto he le√≠do algunos comentarios en los que incluso invitan a que retirase el veh√≠culo la gr√∫a, (algo ilegal por cierto en estos casos y en un parking privado de uso publico), o que se multase a los veh√≠culos en el parking privado algo bastante poco aconsejable, evidentemente qui√©nes hacen esas afirmaciones les pasa algo parecido a lo que le pasa a Sa√∫l, que no reflexionan lo suficiente y son los que hacen que se creen leyes restrictivas y muchas formas de multar a la gente para saquear m√°s nuestros bolsillos, lo cierto es que a las personas que piensan as√≠ habr√≠a que darles cursos de reeducaci√≥n mas amplia, y percepcion multiple, ya que no se consigue otra cosa que recaudar mas poniendo multas a todo el mundo, algo que a los fundamentalistas les encanta y a los vividores les llena los bolsillos, lo que hay que hacer es pensar un poco m√°s y ladrar un poco menos, si quienes creen que pueden mantener un parking con plazas limitadas manteni√©ndolas vac√≠as, son tan listos lo que deben hacer es montar un parking bajo concesi√≥n y ver la rentabilidad, pero es mucho m√°s f√°cil soltar que se ponga multas para que los aprovechados de siempre tomen nota, y digan las autoridades despues, que es que la gente lo pide, desde luego no tenemos m√°s t0nt0s √∫tiles porque ya no caben."
@antoni5186,"Parece ser que nuevamente vamos a tener que tomar mucho mas en serio que Garitano tiene raz√≥n, pues parece que no te da mucho la capacidad deductiva para pensar de forma m√°s ecu√°nime.
No sabras, que si no est√° se√±alizado en un parking claramente como aparcamiento solo exclusivo para veh√≠culos de carga electrica, quiere decir que la plaza puede ser utilizada por cualquiera, eso se da por ejemplo en parkings como el de la Concha, cuando hay pocos coches el√©ctricos y muchos t√©rmicos que no podr√≠an aparcar teniendo plazas vac√≠as en las que sirven tambien como punto de recarga, (eso se llama optimizar los recursos); quiz√°s si te tomases la molestia de hablar con la direcci√≥n del parking (m√°s que con los empleados en s√≠ mismo), te explicar√≠an las razones, pero claro, eso a personas que se dejan llevar solo por el fanatismo, (como te ocurre a ti), es poco probable que lo hagan, hay otros motivos tambi√©n posibles y justificados, o pueden ser personas que no se hayan dado cuenta, o simplemente siguiendo instrucciones del personal del parking, puesto que t√∫ mismo has podido comprobar que a√∫n hab√≠an plazas libres para poder poner veh√≠culos a recargar, y que otros pudiendo estar recargando no lo hac√≠an. Razones hay, solo hay que indignarse un poco menos y pensar un poco m√°s."
@radexx,"Pues eso, d√≠a normal en Espa√±a. Hemos normalizado el ego√≠smo y la mala educaci√≥n. Y eso tiene mala soluci√≥n.
Es m√°s, lo llamamos ""picaresca"" alegremente."
@jonandueza2104,"Toda la raz√≥n,un saludo desde Donosti"
@joseluisguerra1714,Se merecen un repaso con un piolet por todo el coche para que vallan ventilados.
@CabraConKona,"Multa y gr√∫a, si no la gente no aprende"
@ManuelRodriguez-dd4jt,"Sa√∫l has dicho '' polla '' , no te reconozco... Se va a acabar el mundo"
@EnriqueGarcia-yv3xz,Mucho Hater suelto
@nachomdq32,"Eso se corrige con carteleria y sanciones. Carteleria para avisar como es la rioridad y el uso, y sanciones fuertes para que les duela el bolsillo si cometen esas estupideces!!"
@josemariarodriguezgarcia5333,"El coche del final del v√≠deo aparc√≥ a la izquierda donde hab√≠a hueco?? ü§£ü§£ü§£ Se merecen simplemente que a alguien se le caiga una piedra en una ventanilla , panda de personajes con cero empat√≠a y educaci√≥n"
@paco4424,"Puede ser (por los colores del parking) un parking de la empresa TELPARK, en Santander hay uno que las plazas de los cargadores y las plazas que puedes reservar con antelaci√≥n, son las mismas, as√≠ que adivina lo que pasa, yo me he quejado, pero me ha dado igual... El que un el√©ctrico ocupe una plaza y no carge ya lo he visto muchas m√°s veces... creo que nos falta mucho CIVISMO."
@juanfco.morianaavila2726,"Eso demuestra que San Sebasti√°n es como el resto de Espa√±a üòÇ. Y si, falta mucha cultura todav√≠a sobre este tema, y poca voluntad pol√≠tica, porque si aparcas en zona azul y no pagas a la media hora tienes al revisor poniendo la multa, l√≥gico, pues aqu√≠ podr√≠a ser igual, pero no."
@rafagonzalez1315,"Esto es Espa√±a, que esperabas?"
@MrRacasado,Me imagino que no hay espacio en el parking y puesto que pagas por usarlo lo dejaron ah√≠ al no encontrar otro sitio disponible (San Sebasti√°n en agosto). Quiero pensar es por eso
@AlRider,Bienvenido a Espa√±ist√°n
@FlyUrrun,"Como me recuerda a las plazas de personas con movilidad reducida....siempre ocupadas por gente sin ninguna limitaci√≥n, educaci√≥n!!!!"
@Novacat170,"Tendr√≠as que venir la gr√∫a y llevarse todos los t√©rmicos e incluso a los el√©ctricos no enchufados. Que se lleven unos cuantos cientos de euros de multa para que no repitan, m√°s el mal trago de no encontrar el coche..."
@xavibailac180,"Saul, si conoces ha alguien que fabrique pegatinas, haz una reindinvicativa pero con toque gracioso y la pegas, al memos luego tendr√° que sacarla, üòâ. A! Esto es por falta de regulaci√≥n, ya que en otros casos se llama a la gr√∫a."
@l.j.p7060,Completamente de acuerdo Sa√∫l.
@rafaelgallegovaldivieso,"Llegar a un cargador Ingeteam de Iberdrola y estar un Kia cargando enmedio de los dos aparcamientos... En otra ocasi√≥n en el mismo cargador un coche t√©rmico. No, no somos mejores por ir en coche el√©ctrico. Somos los mismo en coche el√©ctrico, patinete, bicicleta, andando..."
@FranciscoPerez-qe8uf,Una verguenzaüò°
@antonioclavero8153,Lo mismo pasa con las plazas de minusvalidos
@Chuffo,"Yo desinflo una rueda al menos el susto se lo lleva y a lo mejor estar√° atento para la pr√≥xima, porque llamar a la gr√∫a es misi√≥n imposible."
@adrianmartineznoguera1086,Indignante!
@anibal6996,"Es lamentable decirlo, pero un gran porcentaje de los espa√±oles se pasan las normas por sus partes, como regla general. Parece que les diese miedo cumplir con las reglas establecidas, el que respeta es el ""pringao"", mientras el que incumple es el ""guay""."
@HTCSpainTV,"Tienes toda la raz√≥n y suave has sido. No vale que digan que no se han dado cuenta, porque las plazas para el√©ctricos encima tienes colores diferentes a las normales, pero en el caso de los el√©ctricos que no han cargado, les deseo que el karma les depare pronto quedarse tirados en carretera"
@serafinfuentes629,Solo hay ego√≠stas que no piensan en los dem√°s. Me pongo negro cuando veo coches aparcados en puntos de carga y son de combusti√≥n‚Ä¶
@FPV-Drones,"No se, igual es que est√°n cargando por INDUCCI√ìN....  
Me ha salido el v√≠deo un a√±o m√°s tarde, este finde paso a mirar. Es falta de cultura creo yo. Tengo el√©ctrico, puedo aparcar ah√≠."
@martosjose1709,La o√π il y a de g√®ne il ni a pas de plaisir  !!!
@enriquecarballo504,"Que tal un sensor que no son caros, conectado al cargador y una vez que el coche aparca, 30 segundos, 45, no s√© si no enchufa una alarma."
@enriquecarballo504,M√°s raz√≥n es imposible tener.
@miguelvolt1977,La soluci√≥n es un peque√±o ray√≥n..o llevar un aerosol de color fluorescente ..lo mejor ..lo se por experiencia
@akinatron3500,La sopla?
@jaimeguil1809,"Que verg√ºenza!
Hay que ser in√∫tiles..."
@antoniogilcineasta4788,"Distraida?????? pero si esta pintado en el suelo y en la pared,lo que pasa que no quieren buscar aparcamiento,esta vacio...pues ahi lo pongo,cuando sea denunciable y se lo pueda llevar la grua....seguro que no lo aparcan ahi"
@emigaspar,Una buena pegatina que sea grande y que cueste de quitar en el parabrisas y creo que aprender√°n. ü§£ü§£
@chusky9640,"Una buena descarga donde yo me se les ten√≠a que dar a esos getas. Por eso seguimos siendo un pa√≠s de pandereta, por culpa de cuatro descerebrados que solo piensan en su ego√≠smo."
@aketzadiez1631,Multa
@amadormendez8765,"Eres muy educado,bien. Yo les mentir√≠a su pinche madre que los pari√≥."
@tinochispita,"Pues si Sa√∫l. Verg√ºenza!!!!!! Eso es como el vado de los garajes privados, el due√±o la due√±a se cree con derecho a poder estacionar en su vado, vado que paga para que no estacione ning√∫n veh√≠culo por la entrada y salida de su coche."
@perroviejo7984,"Por favor, tendr√≠a que poner un aviso sobre las consecuencias de visualizar el v√≠deo. Llevo ya sin dormir varios d√≠as....que injusticia."
@davidcanas1146,Espero que dentro de poco la los quiten con grua
@byronseisseisseis732,"Ja ja ja.... Lo tuyo es informarnos de carros. Ese es tu fuerte.   Las injusticias sociales de tu cultura no tinene mayor importancia.  Ya con la nuestra en nuestros propios lugares, con eso es suficiente.  Gracias por seguir con la informaci√≥n automotriz. Adelante.  Saul."
@larganza,"Esto es un mal end√©mico que se vive en Espa√±a, bien sea en plazas para minusv√°lidos, bien sea para el√©ctricos... A la gente le suda la picha todo. ¬°Ahora bien!. No se te ocurra joderle el d√≠a a un jeta de estos, que te monta un pollo de tres pares de cojones. Como propuesta a esta cuesti√≥n, supongo que habr√≠a que poner barreras de suelo accionables solamente por personas con coche h√≠brido enchufable o el√©ctrico. La barrera solamente se bajar√≠a al enchufar el coche en el wallbox. Habr√≠a que mirar c√≥mo se podr√≠a hacer eso, pero supongo que tecnolog√≠a hay para conseguirlo. La cosa ser√≠a as√≠: Te acercas a la plaza para el√©ctrico, te bajas, enchufas al wallbox (momento en que baja la barrera) y aparcas. ¬øEs posible?. Yo pienso que s√≠ y si no lo es, habr√° que inventarlo, porque si no..."
@jesuscapuchino7911,Tienes toda la raz√≥n Sa√∫l y si hay motivo y raz√≥n para estar molesto es momento de que ya empecemos hacer conciencia y en verdad empezar a molestarse por cosas que antes dec√≠amos hay pa la otra est√° bien pero no tenemos que ser m√°s conscientes y solamente con gente que hace ver errores o nos hace reconocer que estamos mal en algo es cuando puede empezar un proceso de autorreflexi√≥n y cambiar conductas gracias
@franciscomurillofernandez7994,tienes toda la raz√≥n Saul y me parece correcto que saques la matr√≠cula de todos estos veh√≠culos. Es intolerable el poco civismo que hay.
@ivanivan4904,"toda la raz√≥n Saul__y te lo dice un Donostiarra__una verg√ºenza_poco mas que a√±adir__bien dicho- todo mi apoyo Saul--poco mas que a√±adir, un comportamiento de lo mas reprochable, y el que no lo vea asi , que se lo haga mirar."
@jesushernandez-mn6qz,Que es eso de t√©rmico?
@JC-fi8xn,"Est√°s en Espa√±a. ¬øQu√© esperas?
Saludos."
@danireina8,aqui si que tendrian que poner multas y no en otras tonterias ...
@LordRodtan,"He visto q muchos h√≠bridos o el√©ctricos no enchufados... Yo creo q la gente se piensa que teniendo el√©ctrico esas plazas son para ellos, no las ven como ""surtidores"" si no, como plazas reservadas para el√©ctricos."
@Camilos1110,"Uff que te digo Sergio, eso pasa constantemente en todos lados no hay una cultura de conciencia"
@civertron9784,"Ahi se ve tambien que la mentalidad de los que llevan electricos/hibridos enchufables tampoco es muy distinta.

En Cantabria tambien pasa eso, se creen que por ser electrico ya pueden dejar el coche aparcado en las zonas de recarga.

Para la proxima, lleva un cable de recarga mas largo y dejas tu tesla aparcado frente a ellos sin que puedan salir."
@Pedro-vn1lq,Creo que llevas la mascarilla al rev√©s.
@ogarbanz,"JETAS DE CAMPEONATO,  ese est√° bueno."
@iosebae,A mi que un t√©rmico como lo llamas aparque me parece vergonzoso tanto como los que tienen el el√©ctrico y consideran que es su parcela para aparcar cuando quieran y posiblemente a menor precio o gratis. Ecologistas por inter√©s? O jetas y sinverg√ºenzas como los otros. Solucion si tienes que recargar aparcas en frente y avisas al del parkin . Y cuando te diga que no puedes aparcar as√≠ le dices que tienes que recargar y no hay plazas y que sancionen a esa gente.
@groundman7431,si no fuera por estas practicas egoistas.como ibamos a saber que estamos en espa√±a?
@5653sonic,"Quisiera verlos en Holanda hacer lo mismo , ...MULTA...."
@adosfilos,"Es peor los que aparcan en MINUSVALIDOS sin serlos. (Tengo un hijo en silla de ruedas y es un infierno ir a un centro comercial)
Siempre est√°n ocupados la mayor√≠a sin tarjeta de minusv√°lido, te quejas, pero como es un parquin privado la polic√≠a no puede hacer nada.
Tengo una plaza propia de minusvalido CON MATRICULA. Pues cuando llamo a la Urbana se lo lleva la grua y les ponen 200 Euros de multa.
Pues ENCIMA ME RAYAN EL MONOVOLUMEN ADAPTADO Y ME PINCHAN LA RUEDAS.
Y tu Saul te pones de mala hostia porque no puedes enchufar tu coche electrico. Pues imaginate como me pongo yo."
@Ryorr,y que esperas? estas en espa√±a
@BlueHorsie,Yo les pinchaba las ruedas a todos... por egoistas
@johnearl6720,"Esto no es Noruega, Sa√∫l, es Espa√±a, m√°s concretamente Marca Espa√±a. Por eso hay quien no entiende que dejar un veh√≠culo cargando por las noches en un punto de carga en la calle es jugar a la ruleta rusa. La preparaci√≥n no es s√≥lo en infraestructuras cuando nos comparamos como otros pa√≠ses m√°s avanzados en movilidad el√©ctrica, es en la cabeza tambi√©n. En el vado comunitario del edificio tenemos una lucha parecida, hay una tienda enfrente de la salida que vende mucho y a diario te aparcan enfrente o en el mismo vado, para pasarse cruzando la calle a comprar y no andar unos pasos de m√°s. Podr√≠an dejarlo mal como hacen pero unos metros m√°s adelante y no fastidiar, pero aqu√≠ somos as√≠, buscamos la soluci√≥n m√°s r√°pida y m√°s c√≥moda aunque fastidiemos al resto. Estamos a a√±os luz c√≠vica y culturalmente del resto de pa√≠ses, como Noruega, Alemania, Suecia, etc etc"
@gallegorz8369,"Con un poquito de comprensi√≥n y poni√©ndose un poco en el lugar de la otra persona se solucionaban muchas cosas, pero como en Espa√±a somos yo y yo y luego yo, o Maicon el √∫ltimo, as√≠ nos va"
@LappingMaster,El ego√≠smo es un defecto muy extendido.
@mesparcia2001,"Me he enterado del plan renting de tela, puedes hacer un v√≠deo al respecto?
Gracias.
pd: en Espa√±a cada uno va a su puta bola...como no le aran√©s el coche o le pongas notitas la gente pasa"
@tampoib0,Yo cuando algun listo usa minusvalido sin serlo rajada de neumaticos y se acaba la historia ya no aparcan mas
@tampoib0,Yo tengo una pierna amputada y si vieras la cantidad de gente que estaciona en minusvalido... incluso en parking de minusvalido de supermercados y la policia dice que en los supermercados no puede intervenir porque son privados
@ekialdeko,"Bueno, seguro que de entre los que estaban mal aparcados ninguno era de Donostia. Los guipuzcoanos tenemos m√°s educaci√≥n que todo eso. üòé"
@Dominguez1910,"Perdona mi ignorancia en el tema, estoy interes√°ndome en cambiar a lo el√©ctrico desde que te descubr√≠ pero el t√©rmino t√©rmico lo usas para referirte a los de combusti√≥n?¬ø"
@joshcala5073,Os la sopla m√°s los de discapacitados y es m√°s importante.
@DJRexOfficial,"Estoy flipando de la cantidad de puntos/puestos de carga que hay, y tantos ocupados por coches que no cargan o directamente no son ni el√©ctricos (o h√≠bridos). Y despu√©s hay otros sitios que solo hay un par de puntos o 3 de carga. En un futuro cu√°ndo todos los veh√≠culos sean el√©ctricos a ver qu√© gracia les har√° a todos y a esos mismos que les de por aparcar en un puesto de carga cuando les pase lo mismo. (Y los encuentren ocupados y les haga falta cargar). 

A todos esos coches se los ten√≠a que llevar la gr√∫a, sobr√© todo a los que no son el√©ctricos o h√≠bridos. 

P.D. Al principio cu√°ndo salieron me gustaban los h√≠bridos, ahora qu√© se m√°s sobr√© ellos no me gustan. Es como ponerle una tirita a un corte que necesita puntos."
@Mario-mi1pf,Nunca faltan las lacras sociales. Ellos son los que tienen al mundo fregado.
@multigames195xy8,"Yo ya sabia por donde iban los tiros, antes de abrir el video.
Porque llevo suscrito a este canal Muchos a√±os jajajajaj
Sigue as√≠ saul!!!"
@ramonhidalgo9250,"Que lamentable noticia Saul, parece mentira ver a usuarios de coches el√©ctricos y de combusti√≥n, como confunden  lo que realmente es una prioridad, la recarga de la bater√≠a, en unos simples estacionamientos. Con ese nivel de conciencia es imposible avanzar."
@UnissysTube,"en M√©xico hay una iniciativa para que la gente que pueda probar con v√≠deo u otras pruebas que alguien esta cometiendo una infracci√≥n, puede hacerse acreedor a el 10% de el pago de la multa econ√≥mica que deba pagar el infractor"
@xavigonz6610,monta una recogida de firmas para que regularicen el estacionamiento en esos lugares. Ahora siendo privado poco se puede hacer.
@borjarj5yt448,Hola yo creo que podrias llamar a la policia y que o se lleven los coches o una multa
@pablogtm3871,"Q los t√©rmicos aparquen tiene delito, pero q propietarios de el√©ctricos lo hagan es penoso. Si nosotros mismos no damos ejemplo no podemos pedir a los dem√°s q lo hagan. Saludos"
@domingobailon9191,"Buenas Sa√∫l, yo pienso que el propio parking deber√≠a amonestar a esos propietarios de esos veh√≠culos cobr√°ndole un extra por aparcar en zona indebida y as√≠ se lo pensar√°n de volver a hacerlo."
@pedrocasals,A lo mejor es en protesta por los precios de recarga de Telpark.... De todas formas no deja de ser una p.t.d. para todo aqu√©l que s√≠ desee cargar.
@nicolarubicondo1469,"Si no sacan una ley que proteja los parking para veiculos  electricos la gente va a seguir haciendo la cagada, MULTAAAA para todo aquel que haga eso, punto y se acabo, en lo que saquen una ley que afecte al bolsillo del infractor no lo dejaran de hacer, formalicen una denuncia por escrito con fotos, testigod etc etc ante las autoridades competentes y listo, claro esperando que las autoridades competetes no hagan caso amiso"
@juliangonzalez7679,"Pues imag√≠nate cuando una persona con discapacidad funcional, tambi√©n tiene ocupada la plaza o varias plazas a la vez, yo he llegado a ver un veh√≠culo ocupando el centro (4 plazas) y tambi√©n se la sopla que el discapacitado no pueda usar ninguna de esas plazas"
@frandavidramostorres4694,Cada d√≠a lo veo m√°s ü§¶‚Äç‚ôÇÔ∏è y salimos perjudicados todos
@a.s.5707,"Que que pasa??? QUE YA NO EXISTE LA ETICA, EL RESPETO, LA ENSE√ëANZA, LOS MODALES QUE TENIAMOS ANTES. CUANDO SE VIVIA MUUUCHO MEJOR"
@diegodig9,Vaya puto asco... Y a medida que se vayan vendiendo mas coches el√©ctricos se llenar√° mas de gente ignorante que se piensa que los puntos de carga son aparcamientos privados para ellos 24/7
@martinsoler868,"Esto es lo que me pasa a mi, y a las personas que tenemos una discapacidad y nos encontramos a los retrasados de turno que por no andar unos metros de mas aparcan en los reservados que tenemos y  los que tenemos la movilidad reducida nos tenemos que joder."
@francenteno5286,"Si ya lo dije yo en el Telegram, si nosotros mismos dejamos el coche el√©ctrico en pdr's sin cargar, ¬øPorqu√© no lo van a hacer los de combusti√≥n?. Hay que tener mucha, mucha cara. Ojal√° un d√≠a esa gente vaya apurada y haya uno de combusti√≥n aparcado en el pdr."
@MiguelAngelCC,Falta de educaci√≥n. Ya aprender√°n cuando les toque cargar a ellos. A base de hostias aprende el hombre.
@luismialonsobrazuelo8466,"Este es uno de los motivos m√°s importantes por lo que de los dos coches   que tenemos en casa el que voy a cambiar por un el√©ctrico es el peque√±o, para los kil√≥metros cerca de casa. Para viajar seguir√© con el t√©rmico unos a√±os m√°s"
@l.jimenez1362,La gente aparca donde no debe y sobre todo vota a qui√©n no debe. La degradaci√≥n social es cada vez m√°s evidente.
@Perturlake,Una buena pinchada de ruedas a cada uno t√©rmico o el√©ctrico que no cargue el pr√≥ximo d√≠a se lo pensar√≠an antes de aparcar ah√≠.
@irvin3300,"Yo sacaba a pasear los rotuladores blancos para cristal y dejaba los rotuladores secos. 
Y parec√≠a que el coche que sale como buscando sitio y da la sensaci√≥n de que iba aparcar en el hueco que quedaba libre mientras estabas grabando ese trozo, al final lo aparc√≥?"
@sinzone4k,Electricos jajajajaja
@javiergarcial1446,Hay que hacerles un ray√≥n a cada uno para que sepan lo que puede pasarles la proxima vez.
@JAIMEMARTINEZ-zw4sb,a mi me paso que aparcando en Murcia el a√±o pasado y el parking a rebosar el de seguridad me dojo que aparcara ya que normalmente no hay tantos coches a bater√≠a . Le dije que si pon√≠a una nota por si alg√∫n el√©ctrico quer√≠a aparcar y quitarlo y me dijo que si tenia que mover lo me lo dir√≠an por megafonia .
@oscargonzalezmunoz7344,Un dia en Donosti y le sale el temperamento del norte
@josemanuelblancespinosa8174,La gente va a su p...a bola
@commendatore9001,"Muy indignante eso y quiz√° haya una soluci√≥n, me explico: habr√≠a que poner multas a eso por la polic√≠a local y OJO acorde pues con una legislaci√≥n estatal que d√© cobertura a la local, para que no haya pillos que recurran la multa, una legislaci√≥n de ello en los nuevos planes de transici√≥n energ√©tica y movilidad el√©ctrica. HAZ POR FAVOR SA√öL presi√≥n porque nosotros no podemos, ya que est√°s en tu trabajo con ese lobby en una labor hacia lo el√©ctrico, pues eso es un aut√©ntico y real lastre de los gordos. Si la Administraci√≥n est√° deseando de poner multas hasta por la l√≠nea azul para recaudar, pues claro que va a querer por esto y adem√°s se posibilita la transici√≥n al veh√≠culo el√©ctrico con los nuevos planes. Resulta muy indignante, haz lobby por favor para que sea efectivo el viaje el√©ctrico, por √©tica y por justicia."
@mongolotube5512,Estas cosas son normales en nuestra sociedad... No me sorprende absolutamente nada.
@nombreapellido9523,"Si un d√≠a explota la humanidad, no ser√© yo el q pida explicaciones."
@ENRRRYKE1,"Hala Saul.
Te entiendo a la perfeccion. 
Cuando la gente en general se comporta asi y esto va a mas!!!!, es decir, sin educacion, sin principios, hasta incluso habra alguien que lo hara por joder, cuando la justicia es injusta y los mandatarios unos aprovechados, mentirosos e inutiles, y esto es solo el principio, tan solo hay que esperar a que estalle la olla expres donde todos estamos metidos con las imprevisibles consecuencias y esto solo es cuestion de tiempo, no demasiado"
@andrestorrejonpafila8736,...
@josejgopar,Pues que comiencen a tomarse la justicia por vuestra mano... jam√°s volver√≠a a pasar.
@anklund,"Igual en La Manga Club, Hotel Principe Felipe el s√°bado pasado. Lo dije en el hotel que hab√≠a llamado para avisar que querr√≠a cargar y me dijeron que esas plazas eran de Tesla y ella no ten√≠an nada que ver. Cancele la reserva."
@josemanuelibernonvalero9636,No pasa nada. La policia municipal debe de estar para algo. Es como cuando aparcan delante de m√≠ Vado y no puedo salir a trabajar por ejemplo. Llamo a la policia primero que quiten el coche y ya no es asunto m√≠o. Soluci√≥n: Llamar a la policia.  Lo m√°s did√°ctico es que te toquen el bolsillo. Un saludo
@diegoantunez1616,Tienes toda la raz√≥n...
@comercialmiproveedorcomipr7147,Auuuaaaaauuuuuuuu
@comercialmiproveedorcomipr7147,Ponchales las llantas üê∂üê∂üê∂üê∂
@momas6668,Lo tienen f√°cil para solucionarlo. Esas plazas que tengan el doble o triple de tarifa si no est√°s cargando o si finaliza la carga y pasa X tiempo.
@juancarlosrodriguezsanchez2793,"La culpa es del ""pasotismo"" de las autoridades a la hora de denunciar a estos jetas. Lo saben, y por eso act√∫an as√≠. 200‚Ç¨ cada vez que lo hagan y ver√°s tu c√≥mo no habr√≠a tanto problema. Un abrazo crack"
@MrRicobras,"En la calle no pasa tanto, pero, en los parkings, la gente se pasa...Su ombligo es mejor, m√°s grande y m√°s redondo que el de los dem√°s...La educaci√≥n se ve en esas cosas...Pero, como todos sab√©is...El coche se compra, la educaci√≥n y el respeto por el pr√≥jimo se tienen que mamar.. Como echo de menos tiempos pasados, a pesar de lo que digan muchos!!"
@jcmurcia5728,Welcome to Spain
@Sergio-pb2jz,"Yo iria con un electrico, a una gasolinera de cartera aparco frente el surtidor me voy compro lo que me haga falta voy al ba√±o etc y el coche ahi en el surtidor esque es lo mismo"
@davidandres5608,"Oye Pachi, que yo aparco aqu√≠ porque mi coche de combusti√≥n es mas chulo que el tuyo por mucho que sea electrico!!"
@gaizkitapowers,"Eres un valiente Sa√∫l pero ser√≠a m√°s √∫til poner una queja en el libro de reclamaciones para que el vigilante o la empresa del parking adopte medidas. La primera ser√≠a no contabilizar est√°s plazas cuando el resto est√°n ocupadas porque cuando entras en el parking s√≥lo vas a encontrar √©stas libres. Y por ah√≠ seguro que no pasan los due√±os del parking, que est√°n para ganar dinero. Y por cierto, te van a crujir como si fuera sotogrande, est√°s avisado."
@GTpeCesarBabau,"Saul, si vivieras en Per√∫, todos los Santos d√≠as har√≠as este tipos de v√≠deos. Enserio .... aqu√≠ hasta la autoridad se la sopla ... como dir√≠amos aqu√≠,  se la pasa por los ........ saludos Saul."
@jaimeaudehernandez6338,"Es una verg√ºenza pero la estupidez humana no tiene l√≠mites. Las plazas son para coches el√©ctricos que van a van a cargar. Y deben tener la consideraci√≥n de tomar el tiempo de recarga, pues si se llena su auto, lo mandatario es retirar el veh√≠culo a otro lugar. Y los t√©rmicos no tienen justificaci√≥n.  Excelente queja constructiva @Saul Lopez. Saludos desde Rep√∫blica Dominicana."
@albertocruz4732,"Qu√©date cuando no tengas lugar para enchufarlo, los que tienen carros el√©ctricos son tan t√≥xicos tanto que en mi ciudad he visto como le pinchan las llantas por aparcar de la misma forma cuando todav√≠a quedan lugares para el√©ctricos como en este caso"
@JoseFlores-ix4fb,Multa y ya
@luisjo1179,2:28 Okey boomer
@irizar_pablo9246,"Si sigues por aqu√≠ pasate por el parking del centro comercial garbera unos minutos, veras que con m√°s de 1000 plazas nuevas reci√©n construidas creo que hay menos de 10 para coches el√©ctricos y est√°n a unos 100 metros de la entrada. Apostando por el futuro jejeje."
@SoloTrading.101,"A la gente le importa una mierda. Literalmente.
Se rien de tu opini√≥n.

Multas, cuando te tocan el bolsillo, aprendes."
@PabloInds,"Hace unos d√≠as fui a un parking de los m√°s c√©ntricos de mi ciudad (Valencia) y habr√≠a 8-9 plazas el√©ctricas en la planta en la que estaba y todos menos uno de los coches aparcados ah√≠ no eran el√©ctricos. De hecho, era m√°s chistoso el asunto porque uno era un coche de finales de los 80, totalmente surrealista. Y, aparte de la poca educaci√≥n de la gente, el parking ten√≠a sitios de sobra para los que no tenemos el√©ctrico, no hab√≠a ninguna excusa para dejarlo ah√≠ aparcado."
@DJxBarretx,"verguenza es la humanidad no aprendemos nada y nos destruimos, tiempo perdido"
@gandul1234,Llama a la policia.
@frangarcia5311,ES SIMPLE NO HAY EDUCACION.........NI RESPETOOOOOOO.......
@electricomusical2482,"Te entiendo perfectamente Saul, es que Espa√±a es as√≠, cada uno va a su particular guerra y as√≠ nos va, el d√≠a que seamos una sociedad con letras may√∫sculas donde no ocurran estas idioteces de la gente y mala educaci√≥n y robos de bicicletas etc... entonces estaremos hablando de una sociedad avanzada como en Dinamarca, Noruega etc. espabilidad insensatos!! espabilidad que lo hacen por boicotear lo el√©ctrico igualmente con sus pezados de bmw tragones y contaminantes o bien para ocupar la plaza sin enchufar que sin sentido...un saludo mundo con sentido com√∫n"
@gmvxtv,"Pasa con eso, con las mascarillas, con tirar las cosas a la papelera/contenedor... si trump es presidente de eeuu,,, imaginaros el resto. Nos rodeamos de esa gente que vota a esa gentuza, ergo, blanco y en botella."
@xavierbennasar6602,"Desgraciadamente Saul... this is Spain..
 Ande yo caliente... riase la gente...
Y as√≠ nos va en todo"
@JULIAN-cl1il,Que pensar√°n los propietarios de los el√©ctricos que no est√°n cargando cuando lleguen a un punto de carga y se encuentren lo que ellos est√°n haciendo????
@ijaen,"Es lo que siempre digo, hace falta mucha educaci√≥n y multas."
@cct1941,Toda la raz√≥n!!! Panda de inc√≠vicos
@SezarBlue,"Toda la raz√≥n, a ver si avanza la legislacion y se empieza a sanciona y a retirar coches la gr√∫a."
@carlosgonzalvezbarroso5860,"Es una pena, as√≠ nos va, no hemos aprendido nada con el bicho, JAMAS se me ocurriria estacionar ah√≠ , q verg√ºenza. En todos lados pasa igual, se piensan q son plazas para aparcar los el√©ctricos, primero yo y despu√©s yo"
@efigenerefigener9373,Demostraci√≥n emp√≠rica de la calidad del g√©nero humano. Por lo menos en estas latitudes.
@1421pedro,Yo estoy pensando en hacer estrellas para las ruedas ...me falta el material m√°s adecuado ...ideal
@andonidiaz4169,"Puedes denunciar la situacion en la inspeccion de la policia municipal, en los bajos del ayto. Ellos tienen l potestad de denunciar al coche mal aparcado aunque sea en un parking. Receta y a correr."
@iTomcat7733,Pues estoy harto de ver eso en espa√±a y no hablemos de los aparcamientos de minusvalidos
@JosebaEgia,"Co√±o podemos quedar para dar una vuelta con mi moto electrica, la pena el tiempo"
@Bindows,"La verdad es que es vergonzoso lo que ocurre.  Al ser parking privado no puedes llamar a la Polic√≠a Local, pero s√≠ dar aviso al centro comercial y que den matr√≠cula por megafon√≠a para que lo retiren o se le retira, s√≥lo coches cargando. No es un parking al uso ni para aparcar solo el√©ctricos. Cargar, esa extra√±a palabra que hay en el diccionario y usamos para el m√≥vil"
@rubend5000,"Eso es tan simple como poner unos cepos autom√°ticos (las barreras que impiden aparcar en una plaza) y que se desbloqueen al activar previamente el cargador. Por si alguien no lo entiende llego con mi el√©ctrico veo una plaza libre bajo del coche activo el cargador y se baja la barrera aparco el coche y a cargar, si el t√≠o va de listo y solo lo activa para aparcar pero no recarga el coche tras un tiempo prudencial se le avisa v√≠a cargador y/o v√≠a m√≥vil de que debe de conectar el cargador o marcharse y si lo ignora se empieza a contabilizar el monedero asociado a su cuenta, as√≠ cuando le llegue el aviso de la pasta que se esta dejando por haber hecho mal uso de la plaza para el√©ctricos se lo pensara dos veces antes de hacerlo, se da por hecho que un t√©rmico no se le podr√≠a bajar la barrera por ausencia de cuenta en los surtidores el√©ctricos (es obvio pero hay gente que no se entera y hay que dejarselo todo mascado)"
@franciscogaliano8110,"Pero adem√°s, tienes 102 dislikes!!!! Alucinante!!!! ü§¶‚Äç‚ôÇÔ∏èü§¶‚Äç‚ôÇÔ∏èü§¶‚Äç‚ôÇÔ∏è"
@jorgeam6799,Te sorprende? üòÅ
@santiago_s,"¬øQu√© significa ""se la sopla"" en Espa√±a?"
@pacobelmonte,"Esto se arregla a host... perd√≥n, a multas.
Lo de los el√©ctricos sin enchufar, de traca, y su coche de falla valenciana."
@i3enito1,"Les chupa un huevo todo, habria que empezar a desinflar varias ruedas..."
@jacksmithlake5436,"Facil, si vas con tu electrico a este parking, ves que estan todos los sitios com carga ocupados y ves a uno termico en el sitio, dejas el tuyo aparcado en doble fila para que no salga"
@jhonatanrivas7795,Es lo que pasa con los inchufable lo compran i nunca usan los el√©ctricos
@ruteromaniaco.4025,"Luego decian que a raiz del covid nos ibamos s convertir en una sociedad mas humana, empatica y menos egoista.... vamos a todo lo contrario"
@extrasuave5278,"es que creen que es carga inalambrica como algunos tel√©fonos moviles jajaja, que descarados"
@josegardunoserna1816,"Fant√°stico, Sa√∫l. A ver si a esa colecci√≥n de caraduras se les cae la cara de verg√ºenza y por lo menos, por lo menos... NO vuelven a tener la cara tan dura de hacer eso! Qu√© asco, de verdad, entiendo tu indignaci√≥n... Y ya los que aparcan en plazas habilitadas para minusv√°lidos ya mejor no sigo que me caliento.... Gentu.... Y tal!"
@deccoding,"Van a tener que implementar un sistema de barreras el√©ctricas de acceso, y que solo los coches el√©ctricos puedan habilitar"
@BONOPAULCARLOSMIRALLES,"Asi es Verguenza Saul.Bienvenido al pais te tocar los cojones y joder al projimo.
No respetan las cargas de los Electricos pero esos mismos jetas no respetan a los ‚ôøÔ∏è‚ôøÔ∏è‚ôøÔ∏è.Como bien dices te toca los Coj..Por cierto Salu2 sigo tu canal."
@carlostorrespaz5592,"Propongo una soluci√≥n: Deshincharle las 4 ruedas (ojo, no pinchar, deshinchar) y le dejas una notita explicando que mas o menos es igual de agradable llegar y encontrarte las ruedas en el suelo que llegar y encontrarte un t√©rmico ocupando un punto de carga."
@AlanParkerDJ,"Una pregunta Saul, pusiste esta circunstancia en conocimiento de los responsables del Parking?"
@jlpena4597,"A Sa√∫l (y a m√≠) se le nota m√°s enojado al ver veh√≠culos el√©ctricos sin conectar. Saca la manguera y pon a cargar aunque sea al m√≠nimo amperaje ‚Ä¶ ü§¨
Con respecto a los t√©rmicos, est√°n los listillos, los hp y los que a√∫n no saben que son esas cajas colgadas en la pared. 
Yo lo tengo muy claro. Si alguna vez me sucede alguna situaci√≥n as√≠ con necesidad de carga, aparco cruzado y cargo tranquilamente. Personalmente no sufro si me da√±an el coche."
@nenegrande,"No son t√©rmicos, en realidad seria mas correcto llamarlos explosivos, t√©rmicos serian por ejemplo, si fuesen de vapor. Ya se que no  has inventado tu el termino, pero desde mi punto de vista, siempre he visto raro ese nombre y me ha sonado ""mal"". El combustible se transforma en calor, por su funcionamiento, al igual que se calienta el motor de tu Tesla,  debido a su funcionamiento tambi√©n , aunque en menor medida que un diesel, por supuesto, pero en ninguno de los dos, el prop√≥sito es calentar nada. Una central electrica de carb√≥n, o de diesel, por ejemplo, si que es t√©rmica, pero un coche, no."
@TonY_PR,"Menuda gentuza jeta....
No se si es impresion mia o cada vez sube mas el incivismo y la falta absoluta de respeto por lo demas. Aunque como han dicho en otros comentarios, si no se respeta la propia vida a traves de posibles y negligentes contagios, como demonios van a respetar estas cuestiones? En fin, no se va a solucionar como no sea a traves de sanciones, multas o similar, esta claro. 
A mi ,particularmente, me costar√° dar el paso por este tipo de cosas que pueden pasarte. Yo no llevaria nada bien algo asi y no querria hacer algo de lo que luego me arrepienta"
,"El ser humano... la mayor√≠a salen imb√©ciles, y as√≠ va el mundo."
@juanjoizquierdo5847,Que esperabas???esto es Espa√±a....si la gente no respeta ni las plazas de minusv√°lidos ü§¶
@ivansc46,Mientras hablabas he visto a mucha gente guardando la distancia de seguridad y sin mascarilla bienvenido a espa√±a pa√≠s de incultos este a√±o y el que viene vas a ver espa√±oles por el mundo a cascoporros pero de los inteligentes porque est√° plagado de imbeciles
@Cheewe228,"Vivo aqui Saul a 2 calles que puta impotencia, el parking deber√≠a estar obligado a denunciar o cualquiera de nosotros y venir una grua y adios coche..."
@santiagogonzalezgosalbo7465,Multas ..no hay otra soluci√≥n
@lokodelavida1985,"Hola, hoy vi en S/C de Tenerife vi i3 aparcado en un cargador y no estaba cargando tenia el parasol puesto osea que ese coche se queda aqu√≠ y lo tenia enchufado pero no estaba cargando y el lo que estuve por ah√≠ que fue dos hora estaba aparcado ese coche duerme seguro ah√≠ uno t√©rmico aparcado en el otro aparcamiento"
@bypelu,Por que no hay muchos enchufables ahora mismo pero el d√≠a que empiece haber mas cuando alguien quiera cargar por que lo necesite de verdad y vea eso se enfadara y rayon al canto
@fuckingrobert,Ya me imaginaba lo que era solo por el t√≠tulo jajajajaja
@QuantumAlchemyst,El t√≠o la vara... hay que avisar al tio la vara!
@raulmartinezmarguenda7059,"Toda la raz√≥n, la. Culpa de la persona que gestiona el parking, multa. Tomar por..."
@victormanuelmartinprieto2420,"El problema est√° en que quien hace eso, no ve la cr√≠tica ni estos v√≠deos, amigo. Pero tiene soluci√≥n. La √∫nica que se entiende en nuestro pa√≠s. Multa, sanci√≥n y castigo. Lo del civismo es una batalla perdida. Da pena. Mucha pena. Luego nos quejamos del Rey, de los pol√≠ticos, y de cualquiera que no seamos nosotros mismos. Pero somos lo que somos. ( No todos. Afortunadamente queda gente con dignidad. Cada vez menos)."
@ersa8981,Que vuelvan los marcadores Sa√∫l !! No lo evitar√° pero el mensaje lo leer√°n y quiz√° aprendan
@Zirikatuz,"Soy de San Sebastiam y se.me cae la cara de verguenza al ver esto.

Son unos DESGRACIADOS los que estan haciendo esto.

Esta puta sociedad solo atiende a sanciones. Lo demas se la putasuda."
@jesusm.2821,"As√≠ es, tienes toda la raz√≥n, yo tambi√©n me pongo de mala hostia cuando va un ciclista por la carretera y tiene el carril bici al lado, justo en ese mismo paseo de la concha y otros lugares. Hay de todo."
@michelldmarco,"ü§¨ü§¨ü§¨ü§¨ü§¨ se debe presionar a los pol√≠ticos que bastante cobran,  que tomen cartas en el asunto... Una multa generosa m√°s trabajos sociales pa' que sean serios!"
@navillaxsp,Deber√≠a dar verg√ºenza tambi√©n la aglomeraci√≥n que se ve al fondo al principio del video
@franciscoperez8940,"Sa√∫l, creo que ante este tipo de actos de gente que no tiene respeto ninguno por las normas, los parkings deber√≠an tener alg√∫n sistema para impedirlo. Alg√∫n tipo de cartel advirtiendo que si no hace uso del punto de recarga ser√° sancionado con el pago de un d√≠a de estacionamiento cuando pase su matr√≠cula por la caja. A la gente que hace este tipo de actos no les importa el civismo y la educaci√≥n pero puede que una penalizaci√≥n econ√≥mica s√≠ les haga pensarselo para la pr√≥xima vez. El parking deber√≠a tener la potestad de avisar a la policia y sancionar esa matr√≠cula . A este tipo de gente que no demuestra respeto hacia los dem√°s s√≥lo le duele el bolsillo. Yo no soy por ahora propietario de coche hibrido enchufable ni electrico. Pero s√≠ soy un gran usuario de la educaci√≥n y el respeto hacia el pr√≥jimo. Te doy la enhorabuena por los conocimientos que nos compartes y el contenido del canal. √Ånimo y gracias. Saludos."
@SeDjEmAsH,Welcome to Spain.
@ruparo,"Verg√ºenza no tienen, ya lo dice el palabro... SINVERG√úENZAS"
@pichonfarina,"Jajaja aparcan en vados, en pasos de cebra, en cebreados, en salidas de autovia, en la puerta de mi taller con la furgoneta dentro la puerta abierta y alli aparcan. Como no ivana aparcar en esas plazas. Mira la que cae con lo del coronavirus, no respetan dostanvias ni mascarillas vam a respetar una plaza de aparcamiento."
@marioginesta,"Es que no tienen consecuencias negativas, la libertad no siempre es del todo buena"
@davidvl3329,Estuve ah√≠ hace unas semanas. No hab√≠a cobertura y tuve que arrancar la carga desde fuera. Aquel d√≠a no hab√≠a ning√∫n geta bloqueando los cargadores. Van a por ti üòÇüòÇüòÇ.
@victorhugosancheznaranjo1364,"Hola Saul! Y no hay alguna legislaci√≥n que pueda hacer algo para multar a estos imb√©ciles?
Me gustar√≠a que fuera una multa como si te estacionaras en un caj√≥n para minusvalidos."
@sergimadruenoalvarez4933,"Esta tarde he visto en un trio de Barcelona, una Nissan eNV200 aparcada en horizontal, ocupando las 2 plazas para cargar, como m√≠nimo estaba enchufada, igual que alg√∫n Tesla que has mostrado tu en los Superchargers. Menuda gracia."
@josesantos127,Muyyyyyyyy bien dicho m√°s tenias que haber dicho si se√±or sigue as√≠ saludos y cuidaros mucho .
@gerardogarciamartin7450,"¬øY no se puede denunciar al establecimiento este tipo de acciones? Yo tambi√©n me cabrear√≠a igual que tu, Saul."
@albertolorenzosuarez9104,Dale ca√±a al rotulador!!!!üòÇ
@lucianodibernardo1546,"Saul, lamentablemente pasa en todos lados, aca en Italia tambien..."
@leyendanegra894,"En este caso tienes toda la raz√≥n.
Supongo que se deber√≠a diferenciar entre plaza de aparcamiento y plaza de recarga con tiempo l√≠mite, cosa que ahora no pasa y te encuentras con estos problemas. Saludos."
@MsLuchoV,"Lo bueno, ese ""peaso"" fiesta que no encuentra sitio para aparcar y quiere aparcar al lado de donde estabais jajaja.... Y eso que no hablabas precisamente en voz baja... En fin condici√≥n humana es."
@franciscoalbertogonzalezmu8988,No se tu pero yo si tengo que cargar con una braga arrastro fuera de la plaza al que haya
@mortimercrash560,As√≠ va Espa√±a...muy atr√°s en Europa
@polloloko903,"Yo que t√∫ me imprimir√≠a 50 copias en un folio A4 y cuando vea algo as√≠ se lo pegar√≠a en el cristal pero con celo del Gordo y por los cuatro lados... As√≠ la pr√≥xima vez al menos se lo piensa, yo porque aqu√≠ en Sevilla hay pocos sitios de electrico, pero por si acaso llevar√© unas copias en una carpeta en el maletero junto a un celo de los de empaquetar, de los gordos que cuando lo quitas hasta cuesta jejeje... No violencia pero s√≠ que reflexione el personal..¬øC√≥mo lo veis?"
@mauricioherrera5957,esto es como la gente que usa los lugares preferenciales a discapacitados
@polloloko903,"Olee Sa√∫l!! Qu√© t√≠o, haces bien en denunciar esto.... El otro d√≠a, aqu√≠ en Sevilla mi ciudad, hab√≠a un Audi A1 en una plaza de electrico y le dej√© una nota, porque adem√°s era en un centro comercial y no era la primera vez que lo ve√≠a, es decir que trabajar√° ah√≠, y con lo grande que es el parking el t√≠o/a aparca donde los el√©ctricos y mira que hay sitios... Yo creo que es gentuza por dar por...saco"
@tyrion2506,No me esperaba para nada que hubiera tanta gente con un veh√≠culo el√©ctrico (que sabe como va la cosa) con tan poca empat√≠a con los dem√°s...
@ctabilo1983,Pens√© que era por la cantidad de gente qu√© hay por la pandemia üòÇ
@JavierGonzalez-hd2jr,"Resumido: la gente, sobre todo en este pa√≠s, VA A SU PU√ëETERA BOLA. Eso es lo que pasa, lo puedes ver todos los d√≠as, a todas horas y en diferentes facetas del d√≠a a d√≠a."
@ivantormospozuelo2805,"A ver, cuando os pase esto, es tan sencillo como hacer una foto y presentar una denuncia voluntaria en polic√≠a local. Cualquier ciudadano puede denunciar, s√≥lo que, si no eres agente de la autoridad encargado de la circulaci√≥n y de servicio, es una denuncia voluntaria, y requiere prueba para que no la archiven."
@NELSONPSX,"Siempre admiramos a los europeos, pero veo q tambi√©n hay burros.Burro viene en distintos idiomas."
@TitoTrebol,Ah√≠ bien Sa√∫l! Que se jodan y que se les vea la matr√≠cula a esa gente..
@guillerb816,Ya est√° bien... estamos preparados c√≠vicamente para la nueva etapa el√©ctrica? Normativa clara y severa ya!!!
@joaquinserrato7902,Eso deber√≠a ser sancionable a ver si as√≠ se enteran de lo que es la responsabilidad
@perepep4068,"A mi ya no me sorprende nada. Lo que me sorprende es que no habitemos todav√≠a en una cueva, y comamos bayas y flores, porque inteligencia, ni para cazar un conejo.
 Eso los cortos, despu√©s est√°n los demasiado ""listos"" , que tienen que ir regateando su propio morro, porque les llega al suelo."
@gergames1974,"Aqu√≠ est√°n empezando a poner barreras de aparcamiento en los parkings privados con enchufe, no hay otra soluci√≥n. Entr√°s te dan la llave, bajas la barrera y a cargar. Que pena que todo lo tengamos que hacer de esa manera xd!!"
@alejandromoreira9896,"Sa√∫l,  Spain is diferent."
@PachaJavi,"El egoismo humano, Saul, eso es lo que vez cada ves un coche sin enchufar en un punto de carga"
@gabrielvc6603,"Esto es como todo se soluciona con multas y listo luego llegaran los iluminados diciendo que si af√°n recaudatorio que es mejor educar, que falta informaci√≥n... y gilipolleces varias pero el ser humano es as√≠ de gilipollas solo espeta las normas si le cuesta dinero... Y el primero que deber√≠a poner sanciones es el parking.  Pero lo m√°s hiriente de este video es que son los propios interesados los que rompen las normas... Hay q ser imb√©cil luego se quemaran cuando est√©n todos S los puntos de carga ocupados en cualquier sitio y no puedan continuar su viaje..."
@robertoabeniauliaque1728,Y sobran todas las explicaxiones...
@FranciscoRam,"Hombre, Sa√∫l, la pr√≥xima vez pide a tus amigos que aparten el coche de ah√≠ pa' grabar el v√≠deo, que eso ha quedado feo a pesar de las explicaciones... ü§£ü§£"
@lluispascualroca1731,"Porque llevas 65 no me gusta, la gente es to.......????????"
@vader288,Ah√≠ Saul...duro con ellos....
@raulnet,"Hoja adhesiva de tama√±o A4 donde ponga:
""Esto es una estaci√≥n de carga para veh√≠culos el√©ctricos. No es un aparcamiento. El mismo tiempo que he tardado en buscar otra estaci√≥n de carga libre, vas a tardar t√∫ en quitar la pegatina del cristal"".
Y pegarla en el campo visual de la luna delantera. ü§¨"
@diegodelahoz1690,El del Ford fiesta q llegaba cuando terminas el v√≠deo...... se estaba pensando aparcar en el sitio libre q hab√≠a para cargar
@vitlangara,Yo probar√≠a a ir a un punto de informaci√≥n con las matr√≠culas de los coches y har√≠a que los llamen por megafonia con las matr√≠culas indicando que son veh√≠culos termicos aparcados en plazas de veh√≠culos el√©ctricos los cuales necesitan repostar
@ikerizagirre4989,Llama a la polic√≠a municipal para que los denuncie
@CARSCOCHES,"Hola, por favor sigueme en twitter @VERSAIS"
@js2797,jajajaja  ese  que se ve al  final  llevaba toda la  intenci√≥n
@mariorodriguezruiz8519,Como idea...existe en algun sitio cargadores con algun tipo de bolardo que solo se baje y te de acceso una vez que te hayas conectado? Vamos que te cobre una tarifa de acceso que luego se pueda descontar del total que cargas
@joseantoniog6246,No me quiero ni imaginar si alguien aparca en un surtidor. Esos el√©ctricos igual se piensan dentro de su cara dura que son plazas de aparcamiento reservadas para veh√≠culos el√©ctricos
@leonevinci,la solucion mas real es poner los cargadores lo mas lejos de la puerta
@eusebiolivares3415,"Por desgracia Sa√∫l es una batalla perdida, la gente va a la suya y lo dem√°s se la suda y por ponerte otro ejemplo el que si aparca bien caben dos pero para eso hay que hacer maniobra y lo deja tal y como llega.
En fin y as√≠ podr√≠amos estar hasta aburrirnos.
Hay gente amargada y 
 malecudaca.
Pero haces bien en denunciarlo.
Gracias por el v√≠deo y la informaci√≥n"
@byjoshucod5040,"Yo hubiera llamado a la policia y que les hubiera metido una multa a cada uno de esos coches que no estaban enchufados y tambien los que son de motor t√©rmico, una verguenza"
@jnmorales2081,"Si hay gente que pasa de las mascarillas, a√∫n pasa m√°s de no ocupar puesto de recarga."
@andrespg8384,"Comparto tu enfado pero no me sorprende.
Lamentablemente hay mucha gente as√≠ y sospecho que en general somos as√≠.
No solo pasa con las plazas de carga de veh√≠culos el√©ctricos, que no de estacionamiento o las de minusv√°lidos.
Ahora que estamos sufriendo una pandemia pasa con el uso de las mascarillas, la gente no se las pone o se las cuelga del cuello. Tambi√©n pasa con el tabaco.
En general somos ego√≠stas y mal educados tienen que prohibirnos las cosas y aun as√≠ seguimos haciendo lo que nos apetece."
@Swapper,"Yo uso el hashtag #AparcasComoUnGilipollas y adem√°s tengo unos papelitos muy chulos donde se le dice eso al cretino de turno y se los pongo en limpiaparabrisas  (en mi caso cuando est√°n encima de un paso de peatones o en minusv√°lidos), ya que aun no me he pasado a los coches a pilas."
@tomaschan5874,"Ponle un papelito en el parabrisas ""este sitio est√° reservado s√≥lo para coches el√©ctricos Y adem√°s que est√©n cargando"" :-)"
@guagiro1301,"Perfecto, me encanta √©ste video y muy bien hecho por denunciarlo y reclamarlo en √©ste video, pero ademas de √©ste video que seguramente los due√±os de esos autos mal aparcados no van a ver QUE CO√ëO ESTAS HACIENDO TU PARA HACERLE VER A ELLOS, A LOS PROPIETARIOS DE ESOS VEH√çCULOS QUE ALL√ç NO SE PUEDEN ESTACIONAR? A ver Saul sube un video que con 2 cojones reclamandoles a esos GILIPOLLAS que alli NO SE PUEDEN ESTACIONAR y dejate de pavadas que como TU bien dices en ese v√≠deo a ellos ""SE LA SOPLAN"" y reclamales de frente a sus due√±os."
@lluisespinasaroviral7180,Muchos no saben lo q un punto carreta ...otros unos jetas.
@casan1095,que le ponchen las llantas a los que no esten enchufados!!
@nicolasbarck210,A m√≠ esa playa me queda en la concha de la lora.
@davidsonike,Menuda banda de sinverg√ºenzas.
@quintad3368,No les pueda dar verg√ºenza ya que de eso mismo es de lo que carecen
@georgeglez8076,Es cosa cultural...en todas partes del mundo hay cada carb√≥n
@gloriarg4072,Y esto no se puede denunciar???
@pmendez,"Que puta verg√ºenda por dios... Yo estube en ese parking y en efecto.. vi eso, claro.. no soy youtuber y tampoco ten√≠a el tiempo para denunciar."
@Reggie_BB,P√°sate a la mascarilla el√©ctrica.
@albertopiqueras252,"No s√≥lo para con eso Sa√∫l. Pasa con todo,  cuantos facilitan una incorporaci√≥n teniendo el carril izquierdo libre, cuantos ponen el intermitente al salir de las rotondas, cuantos mantienen distancia de seguridad, cuantos sirvan en zonas de minusv√°lidos, cuantos aceleran cuando ven que les vas a adelantar, cuantos circulan por carril central en autov√≠a con tres carriles por sentido. Falta respeto y pensar en los dem√°s. Esa gente con respetar el l√≠mite de velocidad ya se creen que lo est√°n haciendo bien, claro que eso una parte de culpa la tiene la jodete, hoy perd√≥n la DGT que piensa y trasmite que la √∫nica regla de circulaci√≥n importante sin los l√≠mites de velocidad, lo dem√°s.... Va, lo dem√°s no es importante."
@inakicastillolitago9746,"@Sa√∫l_L√≥pez Es el primer a√±o que tenemos cargadores en los parkings de Donosti y empezamos as√≠.
Otro vicio habitual es enchufar en los de Ibil de la calle para no pagar OTA, pero bajando el amperaje para no comerte las tarifas de los amigos...
En ese parking me he sentido yo idiota por ir a aparcar a una plaza normal, viendo todos los desenchufados que hab√≠a en las plazas de carga..."
@setlaoui,La lei no contempla llamar a una grua?
@aritza6801,Tranquilo hombre... Si total los el√©ctricos no valen para viajar! /IRONIC MODE OFF
@thetritton1019,Llama a la grua y que se los lleven
@samuelsantana4523,"Eso es lo que siempre pienso cuando veo que la gente ocupa los puntos de carga,sean t√©rmicos o el√©ctricos que no cargan. A m√≠ me hacen flaco favor porque no tengo d√≥nde cargar en casa y dependo de los puntos del Cabildo y/ o de alg√∫n centro comercial. Hace falta m√°s civismo, m√°s mano dura y m√°s puntos de carga"
@franciscojaviertoledorubia2839,"Totalmente, sobre todo los el√©ctricos que conocen de nuestras limitaciones al tener veh√≠culo el√©ctrico y que por circunstancias podemos tener un apuro y que tengas una necesidad real de carga y que encima que llegas al cargador est√© ocupado por un ""compa√±ero"" que se cree que tener veh√≠culo el√©ctrico es una especie de preferencia para aparcar en las plazas reservadas para veh√≠culos el√©ctricos aunque no tengan necesidad de cargar..."
@hcta,"Es verdad,que ü§î ü§∑ üò± no piensan gente..normal que te pones as√≠, yo tambi√©n me pondr√≠a igual de mala ostia...y es verdad..imaginar os que los electricos aparcarian en surtidor del petr√≥leo ‚õΩ ‚û° y ir√≠a por ah√≠.. en fin solo con videos as√≠ se puede ense√±ar a la gente que hay por ah√≠. Gran video,Saul.."
@carlosrumbopedreira5470,"A mi tambien me tocan Los co......j.....ones!!!!!
Viva la educaci√≥n de civismo!.."
@josegarcialadrondeguevara1804,"Esto es Espa√±a, las normas est√°n para saltarselas üò§ü§∑‚Äç‚ôÇÔ∏è"
@marcgr2000,Hay gente que aunque llegue puntual llega con retraso
@rasador941,Y poco se habla del distanciamiento social a la mierda!
@andresseguracano8746,"Que demonios piensa la gente? Preguntas.... en general, la gente no piensa, a√∫n no lo has aprendido? Un saludo gran trabajo."
@fernandobrito4670,"La solucion a eso es una camara en cada cargador, y si estaciona un vehiculo que no esta cargando por mas de 15 minutos, una multa, con foto!!"
@andrey_7418,Hay que hacer fotos a los coches (es legal porque es un lugar p√∫blico) y qu√© se vea las matr√≠culas y colocar las fotos en lugares p√∫blicos como ejemplo negativo
@josereinamartinez5306,toda la razon
@mirrowsedge2707,2:36 el/la del ford: Creo que aparcare por aqu√≠ que est√° libre
@CharlyOR,"Saul, sin animo de ofender el caso de tu amigo no debi√≥ ocurrir.  Estoy de acuerdo en criticar lo criticable, pero el buen samaritano por su casa empieza; eso de estacionarse ""solo por un rato"" ""Solo son 5 mins"" ""Nada mas en lo que subimos bajamos"" ¬°NO! si ah√≠ dice que es solo para enchufar, ¬°es as√≠ y punto!. El solo motivo de llegar y encontrar estacionado alguien que no deba estar ah√≠ y pedirle por favor que se mueva ya es estresante por que no sabes que tipo de reacci√≥n vaya a tener la otra persona. Espero no ofender a nadie con mi comentario pero las cosas con el deber ser por favor."
@AsaltaViejas,"Ah pero luego la gente se enoja si alguien sano se estaciona en el parking de minusvalidos


Perdon por el ejemplo pero es lo mismo, la gente es irrespetuosa con los demas"
@rafaelcontreras7165,"Simplemente no hay educaci√≥n ni civismo. Esto deber√≠a estar multado y no con 100‚Ç¨, sino con una multa que le duela a m√°s de uno el bolsillo, ver√°s como para la pr√≥xima se lo piensa dos veces. Si esto ocurre en San Sebasti√°n, pues en el resto de Espa√±a pasar√° tambi√©n, es lo que hay y habr√° que aguantarse mientras que no hayan penalizaciones. A mi me ha indignado ver esto, as√≠ que el que vaya a cargar su coche y se lo encuentre mucho m√°s indignado quedar√°."
@boquinauer,"¬øY qu√© dicen los vigilantes del parking? ¬øNo les van a dar un toque? Deber√≠a poner alg√∫n tipo de aviso. Incluso alguna tarifa extra. Algo tan simple disuadir√≠a a los listillos. 

Un saludo"
@mig29ba,La estupidez humana es infinita mi estimado; y lo peor es que pareciera que no tiene l√≠mites.
@peritomoreno981,"Solo se puede decir que tienes toda la raz√≥n, y alertar√≠a a los el√©ctrico que no est√°n enchufados, y ellos lo saben bien, que cuando llegas con otro el√©ctrico sin carga en la bater√≠a üîã aparte de ponerte de mala hostia, asustado por que te puedes quedar tirado, te entran los nervios y puede pasar cualquier cosa. Por favor un poco de decencia."
@Ru-et4gj,Si fuera por mi (sobretodo en sitio de minusv√°lidos) les patrocinaba la gracia Michelin.... una y no m√°s Santo Tom√°s!!!
@joanantonim.p.2400,"TE APOYO CON ESTO AL 200%... COMO SIEMPRE ""SPAIN IS DIFFERENT..."" , EL FRANC√âS... EL √öNICO QUE PARECE EUROPEO... , SI HUBIERA O HUBIESE VIGILANCIA EN EL ""PARKING"", TENDR√çA QUE PONER CARTAS AL ASUNTO...  ME HA PARECIDO ESPL√âNDIDO QUE LO DIVULGUES EN LA ""RED"".... üëçüëçüëçüëçüëçüëçüò†üò†üò°üò°üëπüëπüë∫üë∫üëèüëèüëèüëèüëåüëå"
@juanantonioch519,La multa es lo √∫nico que entienden algunosüòî
@franperez2963,"Con la de parados que engrosan la lista del paro, pod√≠an contratar a un vigilante y soluci√≥n al canto lo de la mascarilla ya lo sabes..."
@jeffpinero3773,"Hay unos stickers del tama√±o de una p√°gina oficio que se colocan en los centros comerciales cuando est√°s mal parkeado, a todos en alg√∫n momento nos han colocado alguno y como cuesta sacarlos.. Yo creo que deber√≠a aplicar colocarles el sticker junto a un preservativo y el aviso que indique ""no te reproduzcas"""
@cristhianurrego3205,"Lo peor del tema es que los mismos administradores o el ayuntamiento, no hacen control de esta situaci√≥n y multa a los que no deben estar all√≠."
@cristhianurrego3205,"Saul. El tema es falta de conciencia ciudadana. Lo peor del tema es que no solo pasa en tu pa√≠s, sino en varios. Las personas en general no piensan en los otros..."
@jesusandreu3556,"Tienes toda la raz√≥n Sa√∫l....
Hay mucho Listooooo√≤!
si no vas a cargar....no se debe aparcar...üòâ"
@rdlago,"No tengo el√©ctrico, pero si lo tuviese y me encontrara ese percal, les aparco delante, enchufo el cargador y si se tienen que ir que se fastidien que me busquen para quitarlo..."
@alemarino1190,Y el rotulador supongo que est√° en huelga.
@holaeduardorios7738,SI NO HAY SANCION. NADIES RESPETARA
@davidballester8886,"Por desgracia yo lo veo ya normal.. donde vivo hay una zona de carga con techo para cuatro coches el√©ctricos y hasta hoy todos los coches que he visto aparcados son de combusti√≥n...
Y as√≠ seguir√°..."
@wolrer350,Me voy a poner de tono de llamada:‚ÄùENCHUFA TU COCHE CO≈ÉO!!‚Äù  3:14
@ruben.garris,"Tienes toda la raz√≥n, la gente es ego√≠sta y desconsiderada y cada vez va a m√°s."
@albert_sanch,"Tendria que estar legislado y multa cada vez que ocurrieran estas cosas. Es la √∫nica soluci√≥n para que esta sociedad cumpla. Esta visto que no hay otra manera, luego se quejan que todo est√° regulado y cada vez tenemos menos derechos..."
@holaeduardorios7738,LO QUE NO ESTA PROHIBIDO. ESTA PERMITIDO
@chemita79,"Sa√∫l, tapa las matr√≠culas cuando edites los v√≠deos. Alg√∫n tonto te puede buscar un l√≠o..."
@DanielGaminoCano,El no preocuparse por la sociedad... qu√© da√±o hace.
@endikamesonero,"Porque tiene tapicer√≠a blanca, si no, igual pod√≠a ser el de Antonio Lobato, que estuvo por alli üòÇüòÇüòÇ"
@enriqueaparicio6723,Es Espa√±a !!!!....................................Qu√© quieres ???
@h2oyrox2,"T√©rmico en plaza el√©ctrico = multa.
El√©ctrico en plaza sin uso = multa.

Lamentablemente aprendemos as√≠. O sino, porque pens√°is que la gente no aparca en los reservados para  minusv√°lidos. ¬øPor civismo.... o por miedo a la multa?"
@alfonsobf,"Bienvenido al mundo, as√≠ con todo"
@orl3on,"Pues muy bien dicho, tienes toda la raz√≥n! La gente es muy ignorante y gilipollas üò°üò°"
@masgas-davidcantero3416,Ah√≠ ten√≠as que haber usado el rotulador ese que tienes para pintar en los parabrisas y te le habr√≠as gastado con todos esos jetas.
@RICARDONOLBERTO,"a mi me pasa tambi√©n en donde hay menos tomas....y que haces o te pones malo o disfrutas el ir a a donde vas y olvidar para no alterarte....o .rayar el coche y luego el vendr√° a por ti y as√≠, si aparcas cerca.....en fin deber√≠a denunciarse y que la polic√≠a local les envainara una tras otra una multa a cada uno de estos,  y no ir al centro comercial a llorar, debiera haber algo que actuaran y se acabar√≠a"
@ivancito7712,"Yo, odio cuando voy al parking del supermercado y est√° el t√≠pico listo que tira el coche ocupando 2 plazas, y se la pela los dem√°s"
@David.B.V,"Pena de que al ser parking particular no se puede multar.

Pero vamos, al final se pondr√°n cepos, y para pedir la plaza tendr√°s que dar los datos"
@julianjosesoriatrenco6715,SI HUBIERA VIGILANCIA POR UN GUARDIA DE SEGURIDAD ESTO NO PASAR√çA.  POR DESGRACIA ALGUNA GENTE HAY QUE ENSE√ëARLES ASI CON VIGILANCIA PONIENDO ORDEN.
@the_amazing_hugo3975,Lleva un martillo y revi√©ntales las lunas.
@petargueorguiev2467,"Lo suyo es que los due√±os de los  aparcamientos tomen nota, pongan carteles con advertencia y cobr√©n suplemento por aparcar mal ya que tienen c√°maras, a base de hostias se acaban las tonter√≠as.
Yo me pon√≠a un pasamonta√±as y con un clavo grande le hac√≠a dibujos....para chulo mi pirulo...ya ver√°s que la pr√≥xima vez aparcan en la otra punta del aparcamiento...
Mucho √°nimo Sa√∫l y un saludo."
@alexanderduranguerrero5039,Se la soplan todos!!!!!
@amadolinares1907,"Vaya tela, la gente tiene muy poca verg√ºenza. Es para ponerles algo en el coche, un mensajito"
@krakaweb,"Y las matriculas... no se supone que no pod√≠an mostrarse en un v√≠deo? A Saul le podr√≠a caer un ""puro"", por mostrarlas?"
@frangonzalez733,Es un problema de EDUCACI√ìN.... nada m√°s.. cosa que nos falta mucho en este pa√≠s. Hay que ser zoquete.
@aac6563,@Saul y donde est√° tu marcador que no les dejas un aut√≥grafo en el parabrisas ???
@OskarElSombra,"La gente se queja siempre de los termicos que se la pelan... pero a mi me cabrea mil veces mas el que puede cargar pero ni si quiera enchufa... COJONE enchufa aun que sea mentira ,..... el dia que se pueda denunciar igual que si aparcas en minusvalido...... (ojo que tengo un centro comercial cerca que ya se llevo algun coche que otro por aparcar asi), es como los que tienen la tarjeta de minusvalido por tener algun familiar con movilidad reducida ... y aparca en minusvalidos sin llevar a esa persona en cuestion.. es para inflarlos a ostias"
@hcasal5558,"Existen unas bolitas de pl√°stico maravillosas, t√≠picamente usadas para pistolas de bolas y muy muy baratas. Quiz√°s si quitases un par de tapones de ruedas, metieses una dentro y lo vuelves a apretar... No ser√≠a muy √©tico, pero seguro que tambi√©n entienden lo que jode ""no poder continuar"". 
Siempre se puede reparar una rueda, pero dos no es ""tan f√°cil"". Lastima que no todos seamos as√≠, pero de verdad que hay cada ""gentuza suelta""..."
@siriusjjc,tarifa doble de parking y veras como aprenden
@JoseLopez-io6ll,"Voy a parar con EV en surtidores para comprar chicles y mear, esto es la leche!!"
@arturogb5073,"Se ha demostrado que sin leyes no hay civismo. Somos as√≠ para todo. Multas y gr√∫a, solo entendemos eso."
@Ignasipontconduciendo,Sa√ºl esos coches tendiran que ser multados por ocupar una plaza de carga de coche electrico sin cargar
@jmfdc1973madrid,"No hay cultura, por eso nos va como nos va."
@TheSilvarujo,Pegar em meia d√∫zia de eletricos e ir estacionar numa gasolineira.
@JDGDOMINGUEZ,"Os ricos pensades que o mundo xira o voso son. Non tedes respecto. 
Grabas todas as matr√≠culas menos a t√∫a e a do teu colega, non sei se os donos deses coches che firmaron un documento de protecci√≥n de datos???"
@sildima100,Primero yo y luego yo.....üòÇüòÇ
@lendines,"Saul eso es la marca Espa√±a, nuestro distintivo, la cara dura, la sinvergonzoneria, el para que me joda yo te jodes tu, y aqu√≠ las pataletas no sirven para nada. Un saludo y paciencia."
@rubenmalaga,"Si nadie puede sancionar a los que inhabilitan una plaza de recarga el√©ctrica, me parece interesante dejarles el coche aparcado justo detr√°s, q tampoco nos sancionaran. Se les deja una nota, ""Me he ido a por corriente. Ahora nuestro tiempo vale lo mismo"""
@jaimegarciacano,"He parado en el 00:40, ser√° alg√∫n gracioso aparcado en una plaza de carga? Me la juego, un coche electrico en una plaza de carga y con el cable desenchufado, sigo viendo..."
@OscarLopez-ur2vm,"A mi lo que me jode m√°s es el listo que carga sus el√©ctricos que no son Tesla, en cargadores destinados para Tesla. Espero que Tesla se ponga en ese sentido las pilas. Llevo 5 meses con mi model 3 y todav√≠a no he sido capaz de cargarlo en parquesur. Un d√≠a un DS otro dia un Jaguar... es la leche üòí"
@JoseTadeo_14,Tienen la cara como un muro de ladrillo
@nosesitusabeok,"Yo me quedo flipando con eso, en mi zona an construido un centro comercial nuevo (lagoh en sevilla) con plazas para el√©ctricos las cuales cada vez que he ido est√°n al casi 100% ocupadas por coches de motor termico, vamos tengo un el√©ctrico necesito cargar y me pasa eso y directamente llamo a la grua o arrastro al susodicho coche fuera de la plaza"
@toyota4600ay,"Que esperabas, hay gente muriendo por el Covid y se la suda, le van a importar aparcar ah√≠,  incluyendo a los extranjeros que llegan a Espa√±a y se piensan que toda ella es un resort donde pueden hacer lo que les da la gana.
Ah!, eso s√≠,  como se te ocurra a ti, un espa√±olito,  hacer eso o cualquier otra cosa fuera de tono.........para que seguir escribiendo."
@nordstatplay8306,"lo q tendr√≠a que hacer un el√©ctrico que llega y no puede cargar, cruzarle el coche detr√°s, y que com el cable supongo que dar√°...que ponga el suyo a cargar y de paso que bloquee al caradura."
@nelsonhernandezcontreras7498,Multas o infracciones esa es la solucion!!!
@aikido.fusionyarmonia.,"Quitate el bozal para hablar hombre, te vas a axfisiar."
@vmqt26,"Te entiendo muy bien Saul, a nosotros nos pasa con los aparcamientos para minusv√°lidos y sobre todo en los supermercados, te encuentras casi todos ocupados y hasta aparcan en las lineas blancas que est√°n hechas para poner la silla de ruedas. üò°üò°"
@angelbull48,"Bueno Freddie Spencer, mensaje recibido, lo primero es que eres un falton, yo no meto a tu madre en esto, lo segundo y m√°s importante, es que eres un jeta, porque ya dasa entender que si que lo haces, e de igual modo que te jode el coche, tu estasjodiendo el viaje a quien necesita ese punto de carga para seguir, mientras lo tuyo es comodidad, jeta, que es lo que eres"
@Lord_Belial,"Pasa lo mismo con los aparcamientos de discapacitados, que lo veo a√∫n m√°s grave, pero esto es Espa√±a y la gente funciona as√≠. Falta mucha verg√ºenza y menos cara en este pa√≠s."
@ovi9610,"Falta de civismo y educaci√≥n, pero lo peor es que lo hagan los propietarios de el√©ctricos, Tesla's, etc. Falta educaci√≥n de Noruega, ver videos de Bjorn Nyland en los que todo el mundo cumple escrupulosamente los 30 mins de carga y luego lo mueven a otro sitio. 
Saca el rotulador blanco y escribe en los parabrisas"
@rafacoupe11,üò°üò°üò°
@jesusperez3796,Saul. si la gente aparca el los supercargadores de TESLA al aire libre que vas a esperar en un subterraneo?
@evolucion7alf,A la gente les suda la po.... o no lo quieren entender.
@supercell3070,Deber√≠as de hacer lo mismo en los puntos de gasolina para que los jodas
@josemariagonzalezromero8896,Momento id√≥neo para sacar el rotulador blancoüòè
@fmchenlo,En lineas de carga van a tener que poner un asistente humano. Termico que quiera entrar sacarlo antes que lo intente y electricos solo carga incluso que avise por mensaje al titular cuando la carga este completa asi no lo dejan todo el dia y en caso de dejarlo cobrarles un parking costoso.
@oscartenerife9831,"Grande Sa√∫l!!!!
üëèüèªüëèüèªüëèüèªüëèüèªüëèüèª"
@alean4862,Es como los que aparcan en el vado y te hartas a pitar ü§¨
@alean4862,"Y no hay encargado en ese parking?

O aparcar delante y que no puedan salir"
@juankr-,"El parking deberia identificarles y sumarles al coste del aparcamiento, el coste de recarga no utilizada por ocupar esas plazas... As√≠ la pr√≥xima se lo pensaban dos veces... El civismo en Espa√±a es un bien escaso"
@josegarciadelamor5396,"No s√© si lo contempla la normativa pero si no deber√≠a legislarse. As√≠ si pasa eso, llegas, llamas a la grua y se llevan los no enchufados. Simple. Mientras llega esa grua aparcas delante de un veh√≠culo no enchufado y si es posible con un alargador empalmas hasta tu coche (para no perder tiempo de carga)"
@pacosanchez4691,"Saul, adelante con el rotulador blanco !!!! Jajajaja"
@brastor,"La gente les falta respeto y sentido com√∫n, s√≥lo hace caso cuando les lavan el cerebro desde la televisi√≥n y las RRSS"
@jesusasencio7082,M√°s denunciable son los reservados para minusvalidos.
@LEKEITIO1979,"Se llama falta de respeto es asi no hay mas, te entiendoüëç"
@josuevz0,"Sa√∫l eso es mi d√≠a a d√≠a, me compr√© mi primer Tesla, coche el√©ctrico y coche hace 2 meses... no tengo punto de carga y cada vez que voy a cargar en CC me encuentro con esto o que no funcionan los PdR.. por suerte existen los supercharger pero siempre trato de evitarlos para no estropear la bater√≠a. Saludos"
@EduardoGonzalez-rc6kk,"Queda mucho camino por recorrer... Recien llegado de mis vacaciones en Portugal con mi model 3. ¬øQue me dec√≠s de aquellos que ocupan plaza de electrico, cargan su coche pero se despreocupan de retirarlo cuando han cargado el 100%? Hablemos tambien de prioridad... Hibrido enchufable vs Electrico Puro... En fin... Esto da para un rato...."
@robertoallende3630,A que en esos puntos cobran por cargar? Vaya morro tienen algunos
@ernestodominguez3857,"Lo tienes f√°cil Sa√∫l, env√≠a el v√≠deo a la Polic√≠a Local, Guardia Civil y/o donde corresponda y tomen las medidas reglanentarias, ya que se ven claramente las matr√≠culas. Si todos lo hicieran, seguro que nos ir√≠a mucho mejor"
@Morrison7,"Esta muy bien la cr√≠tica Saul, pero puedes cuidar tus modales y tu vocabulario. La pr√≥xima vez no hagas el video en caliente, sereno te salen mejor y tu tono √°cido criticando se hace m√°s interesante. Piensa en nuestros hijos."
@fernanshay,HAHAHHAHAHAHA sip la verdad molesta
@robertoguerreromartin4971,Deber√≠an sancionarlo
@mateolopez2509,Al final del v√≠deo se ve un coche t√©rmico que llega a la altura del estacionamiento con pdr que estaba libre. Intento meterlo ah√≠?
@alexyaurizevallos244,Es tan jodido. Imagina un mont√≥n de veh√≠culos estacionados en una grifer√≠a
@albertoecker5196,Yo solo pensar que tuviera una urgencia para poder cargar y encontrarme con eso es bufff... multa a diestro y siniestro. Hay jetas por todos los laos... cagun les pites.
@Josanmoret,Sa√∫l Lopez te veo tan cabreado que hasta la mascarilla la llevas al rev√©s.  La gente no tiene las cosas claras a√∫n con los veh√≠culos el√©ctricos ? . Sa√∫l haz cursos de formaci√≥n para propietarios de el√©ctricos sobre las buenas pr√°cticas de uso con los el√©ctricos. Esto lo veo a diario en los aparcamientos privados por desgracia la gente no tiene conciencia c√≠vica .
@nesthorvilla9965,La gente piensa que no hay coches el√©ctricos si lo dice el director le la DGT.  Eso su que es una verdadera verg√ºenza
@blascargar4252,Si aparcan en plazas de minusv√°lido o en vados no van aparcar ah√≠.
@maevaz8770,"Sa√∫l esto es impresionante con la gente,  y con lo de la mascarilla y la distancia en el bar de atr√°s es igual"
@ricardomuor,Totalmente de acuerdo
@josecarmonafernandez149,Menos mal que en Espa√±a no podemos llevar armas como en Estados Unidos. Por qu√© con el rebote que llevas no se que abr√≠as hecho ü§£
@diegorp5651,Ahahahhah ce mamaron
@androidlogin3065,"¬øCu√°ndo se aplicaran las 'multas' de 100‚Ç¨ a esos sin verguenzas? Son plazas 'reservadas', que se aplique la ley de una maldita vez y los 'sancionen', y ya veremos si siguen haci√©ndolo."
@bernardcalvo,Pues date un paseo por el parking de la estaci√≥n de autobuses.... vas a flipar...
@salvadorllansola2754,"As√≠ nos crece el pelo.
Es la educaci√≥n que tenemos"
@davidgaliana3969,En espa√±a no existe la verg√ºenza ü§™üëé
@Jorcivic,"y reza que no te peguen un portazo, ya se sabe la educaci√≥n, envidia y ego√≠smo que existe por estos lares, y todo lo que no es de uno pues respeto y consideraci√≥n cero..."
@javierruiz5028,Las plazas con punto de carga deber√≠an de estar al final del parking. Que solo quisiera ir quien quiera cargar
@javierruiz5028,"Cartelito, poco m√°s puedes hacer"
@GonzarupaEBYC,"No tendr√≠an porqu√© pero, los de seguridad del parking podr√≠an hacer algo. No s√© si est√°n capacitados para multar o llamar a las autoridades para proceder a una denuncia, pero deber√≠an de darse de vez en cuando alguna que otra vuelta por donde buenamente puedan sin desocupar por completo la sala de monitoreo e intentar ayudar en estas cosas"
@ignaciolopezresano3353,like
@blackball255,Esto ocurre con las tarjetas de minusv√°lidos desde hace mucho tiempo. Y eso si es preocupante porque puede arruinarte una visita.
@alaynf5293,Disfruta de mi pueblo. ü§ó
@1996MiguelAngel1996,"Duda?

Legalmente se puede llamar la gr√∫a para que se lleven el coche?"
@Ibarra20091,Problemas del primer mundo
@joseurena6549,"Es que no tenemos normativa, ahora dependemos del nivel √©tico-educativo de los conductores, eso debe ser puesto bajo leyes y con penalidad."
@enricdelpozocoma.433,"Estamos en un pa√≠s donde al personal se le da muy bien salir a los balcones a aplaudir üëè y parecer muy solidario. Pero un pa√≠s experto en dar por el saco al pr√≥jimo y donde se aplica el refr√°n de: Vaya yo caliente r√≠ase la gente.
MUCHO GOLFO SUELTO."
@amenophisvlc688,"Aqu√≠ lo mismo, ü§£üòî"
@andreu8510,Bienvenido a ajpa√±a...
@danielyara4,De la Concha...
@Adri02,"Yo estuve hace un par de semanas en ese mismo parking y hab√≠a 5 teslas cargando, tuvieron suerte"
@Pipipott,La gente no piensa en nada.
@McarpinteroGaliano,Saull tienes que empezar a mentalizarte el tema de la movilidad el√©ctrica hasta hace cuatro d√≠as era de uno rom√°ntico pero ahora empiezan tal todo tipo de personas entre las cuales habr√° una minor√≠a seguro una minor√≠a que son unos jetas y unos desconsiderados y eso es inevitableüò∑üò¢
@FurKenFK,Tenemos que empezar a hacer quedadas para bloquear gasolineras.
@Eloy.1972,"Entiendo tu enfado, Saul, a parte de luchar por la falta de cargadores, tambi√©n hay que meter el pco civismo de la gente. vergonzoso, sin m√°s"
@altramuz00,"No hay educaci√≥n, ni te molestes en comprenderlo saul...."
@TheGFailure,Pena no haber sabido que estabas y te hubiera ayudado a darle ca√±a....
@javip9064,"Yo aparcaria mi  Xiaomi m365 pro, pero lo pondr√≠a a cargar :)"
@josealfredorubio2274,Que raz√≥n tienes
@RENAULTSPORTASTURIAS,Se la sopla la multa ya y todo.gente mayor con dinero que se la sopla todo pa 4 dias que les queda. Si hay sitio de sobra en el parking entonces si que habia que insultarlos jajaja
@Jabymg19,Vas a tener que comprar una caja de rotuladores... Con uno no tienes para tanto sinverg√ºenza!üòÖ
@pedrocuesta3099,"Al igual que hay plazas reservadas para motocicletas, y estacionan otros veh√≠culos, podr√≠an cometer infracciones; deber√≠a de pasar igual con los hechos que describes, exactamente igual de reprochable c√≥mo dices."
@michaelmrlr7586,Espa√±a.......se la sopla todo a mucha gente.....de ah√≠ la situaci√≥n que hay en Espa√±a.....da penita
@TodosElectricos,"Estuve en el mismo parking el a√±o pasado y no ten√≠a este problema. De hecho, en todas las plazas para electricos no hab√≠a nadie. Este es algo que culturalmente no se debe normalizar ya que sino, se acaban las posibilidades de cargar."
@user-fn1zz2ue8o,"hay personas que aparcan en plazas que no les corresponde y hay gente que se pone la mascarilla al rev√©s creyendo que eso les va a proteger a ellos en vez de a los dem√°s y tienen una cosa en com√∫n, que lo hacen por ego√≠smo o por despiste. P√ÅSATE A LO EL√âCTRICO AAAUUUUUUUU"
@pepefernandezrivero9240,"A mi esas cosas no me pasan porque me l√≠o a palazos con los coches, si es en mi urbanizaci√≥n que una vecina aparca el coche muy retirado de la pared y los dem√°s no podemos pasar bien con el coche y ya llevo 4 notitas, 2 llamadas al telefonillo y 1 llamada a la gr√∫a municipal NO ME QUIERO IMAGINAR SI ME PASA ESO"
@Limoneti,Empieza a sacar obuses y saca el rotulador a pasear tambi√©n üòÅ
@magirusmagirus8045,"chapeau Saul, a ver si con un poco de suerte ven el v√≠deo algunos de los caraduras, ellos o alg√∫n conocido, que les de un poquito de verg√ºenza al ver sus coches en el v√≠deo al menos, la explicaci√≥n a ese tipo de conductas es f√°cil, un amigo la resume con una estupenda frase desde hace mucho tiempo, ""Cada uno va a lo suyo, menos yo que voy a lo m√≠o"""
@yoyyaesta4808,"El cartel pone claramente en tres idiomas ""S√≥lo coches el√©ctricos"".
Sin embargo este tambi√©n es un tema importante: habr√≠a que exigir la correcta se√±alizaci√≥n ( R-308 y texto ""solo coches el√©ctricos cargando"" ) para que luego no haya problema al multar y retirar el veh√≠culo."
@slcuervo,"S√≠, lo s√©, con el ataque de mala hostia que me entr√≥ al ver los coches, me puse la mascarilla del rev√©s... üòÖüòÖ"
@UleeV90,"Nunca hab√≠a visto a Sa√∫l tan enojaoo.

Justificado.

psedit:  Y eso que me he recetado buena parte de sus videos."
@ricardalbert3536,ESTO PASA MUCHO!!! ES MUY TRISTE!!!
@JavierMorentin,"De lo malo la mayoria son electricos o hibridos enchufables aunque no esten enchufados, ahora sabras lo que siento yo cuando voy a aparcar en zona reservada para personas con discapacidad y tengo la plaza ocupada por un coche sin tarjeta."
@MileuristaconPanza,Perd√≥n ahora bajo
@David23FS,"En el cartel pone ""Solo coches el√©ctricos"", no ""Solo coches el√©ctricos enchufados"".
Pon una queja en el local y que lo cambien, pero yo quitando a tu amigo y otro coche, el resto los veo bien aparcados seg√∫n las indicaciones del parking."
@dabelfio,Civismo  esa palabra no  la conoce la gente pero m√°s cr√≠tica es que los que llevan electrico no carguen quitando la plaza a uno que lo necesita por favor respetar para que te respeten
@Prestidigitad0r,Llevas la mascarilla al rev√©s
@joseluislista5586,"Amigo Saul te olvidas de un detalle, estas en Espa√±a, ¬øque esperabas?"
@sergiorapita,"Yo les quito el aire a las cuatro ruedas de todos los coches que no estan cargando. Ya que me joden el viaje a mi, pues ellos que no se vayan de rositas y pierdas tantas horas o mas que yo. Los granitos de arros hacen maravillas para gente asi."
@Loren0004,"Los de los t√©rmicos dir√≠a que m√°s de la mitad, est√°n tan atontaos que ni se han dado cuenta. Pero lo de los el√©ctricos denota ese pensamiento tan t√≠pico de listillo de ""jeje, yo tengo un el√©ctrico y aparco en la puerta"", sin pensar si quiera la raz√≥n de ser de la prohibici√≥n, o peor a√∫n, pens√°ndola y diciendo ""aqu√≠ dice veh√≠culos el√©ctricos, pues tira"". Pat√©tico."
@EN-fs8sc,Creo que despu√©s de grabar este video saul se quedo sin tinta en su rotulador.
@gatalua,"Muy f√°cil, le plantas tu coche en doble fila y cargas tranquilamente. Cuando vuelvas si est√° esperando le sonr√≠es!"
@edwardma-6559,"√âsta es la consecuencia de la falta de cultura, de educaci√≥n, de conciencia, de civismo y un exceso de maldad y de ignorancia."
@QuantumAlchemyst,"Esto se arreglar√° definitivamente al igual que pasa con los negacionistas del Covid 19 a los que se la suda ir sin mascarilla y contagiar a otros. Tendr√≠a que estar castigado penalmente como si llevaras una jeringa con virus del sida y amenazaras a la gente. De hecho es como ir con un arma cargada, pero como en todo, las administraciones son leeeentaaaaas y no ponen el sem√°foro hasta que no hay muertos en la intersecci√≥n. Mano dura y se acab√≥ el problema. Es ese tipo de individuos egoc√©ntricos a los que no les importa nadie m√°s que ellos... No te sulfures Sa√∫l, esto se arregla, aunque pueda parecer muy bestia, con cuatro coches reventados. Entonces se lo pensar√°n dos veces antes de actuar de esa forma. Pero lo har√°n para evitar que les vuelvan a reventar el coche, no porque se den cuenta de lo nefasto e impresentable de su actitud. Pero bueno, aunque sea por inter√©s propio dejar√°n de joder a los dem√°s. Hay gentuza que solo mira por si misma, cenutrios por lo general, material defectuoso que all√≠ donde van lo joden todo y van sembrando mierda por doquier... huyyyy, perd√≥n perd√≥n, es que se me ha calentado la lengua, a mi tb me sacan de quicio... üò∑"
@MalChicho1,Toda la raz√≥n lo mismo que el supercharger de fuengirola llame hace un a√±o y mand√© mails a tesla Iberia y el encargado de infraestructuras de tesla Iberia me llamo y me prometi√≥ y asegur√≥ que la cosa cambiar√≠a all√≠ y que paso? Una mierda
@arrastaka11,Tienen q poner alg√∫n sistema de pivote q se desbloquee a la activaci√≥n del punto de carga y si te pasas de listo activas aparcas y no enchufas q te cobre ver√°s como nadie aparca.....ahhh y Donosti is different!!!!
@stefanomodesti3825,Tio est√°s en Donosti. Ostras cuantos d√≠as duraras???
@ochoocho88,Civismo es lo que necesitamos
@jonatan7003,Tienes toda la raz√≥n
@dvrchweesse1frfdozemkaanai594,"El Ford Focus azul que est√° al lado de tu coche tambi√©n habr√≠a que echarlo a patadas, al muy guarro, ah√≠ choriceando plaza











üòÇüòÇüòÇüòÇ"
@Pauzen69,"A lo mejor alguien les raja las 4 ruedas, Y APRENDEN!"
@juancisneros9654,Es q usualmente estar√°n libres entonces les vale y lo aparcan
@yoyyaesta4808,"Existe un grupo de personas, ponle un 10% que viven desconectados de la √©tica. No ven o no ""quieren ver"". 
Y por eso el √∫nico sistema son las multas."
@Lamaffia360,"Si hay mucha gente que no es consiente del coronavirus que est√° la vida en juego, crees que la gente tendr√° empat√≠a para hacer las cosas bien en los parking el√©ctricos.. 

Esto no es Alemania .."
@The_BlindAlley,"Pues nada aparca en doble fila te pones a cargar y dejas un tel√©fono en el salpicadero,  cuando te llamen vas con toda la calma del mundo."
@AldoBarahona,"Es un tema de ser civilizado, muchos dicen serlo incluso exigir derechos,  cuando ellos no los respetan, y van de listos, ojo dudo que a estas alturas alguien no distinga los colores y porque est√°n ah√≠! De ah√≠ que la pandemia contin√∫e, ah√≠ tienes a los chinos, ya la han superado en base al respeto."
@LLON87,"Pues tienes toda la raz√≥n Sa√∫l. Si de por s√≠ es dif√≠cil encontrar un punto de carga va y te encuentras de que la gente no tiene ni la m√≠nima educaci√≥n de dejar esa plaza libre para los veh√≠culos que lo pueden llegar a necesitar. Pero ya el colmo es que los propios due√±os de los el√©ctricos aparquen en esas plazas sin cargar pensando que esa plaza es para ellos como si fueran due√±os. Como dices t√∫ Sa√∫l, verg√ºenza le ten√≠an que dar a todos. Por ciento inflate a dejar escritos en los cristales con el rotulador."
@reowdes,Pues llama la polic√≠a env√©s de hacer un video?
@japostua,"Mucho sinverg√ºenza hay. Para m√≠ m√°s delito tienen los due√±os de los el√©ctricos y no est√©n recargando. Es un punto de recarga no de aparcamiento, a ver cuando le entra en la cabeza a la gente. A mi cuando me pase (aun no tengo el√©ctrico) te aseguro que aparco delante (tiro el cable y me pongo a cargar) y me voy, de ah√≠ no sale"
@pbsbs3751,Se podr√≠a hinchar a meter multas la polic√≠a local
@alvarohurtado125,"La verdad esque la gente es asquerosa 
1. Si tienes un t√©rmico ni te hacerques a esas plazas.
2. Si tienes un h√≠brido enchufable aparcas y cargas.
3. (Lo peor de lo peor).Si tienes un el√©ctrico aparca pero carga.
De verdad no entiendo a la gente apartir de ahora todos los el√©ctricos que aparquen en la gasolinera a ver que les parece, y los t√©rmicos que aparque en la gasolinera pero no reposten a ver que les parece al resto de t√©rmicos de verdad cada vez pierdo m√°s r√°pido la fe en la humanidad üò°üò° üò°üò°

Tengo 15 a√±os y me encantan los el√©ctricos pero hay gente que no tendria ni que tener carnet de conducir

Ojala esto lo lea Saul
Por cierto gracias por comunicar esto üòä"
@pacomoreno3698,"Llevas raz√≥n, Saul da verg√ºenza yo tengo un t√©rmico y no se me ocurre ocupar un cargador para electricos, me dar√≠a verg√ºenza ü§¶‚Äç‚ôÇÔ∏è"
@lobra7,"Yo llego all√≠ con mi coche el√©ctrico y lo pongo delante de uno de esos t√©rmicos a cargar, y el otro cuando venga a sacar su coche que se joda a tomar por **"
@luismiliberal,"totalmente de acuerdo, a mi este verano me han hecho sufrir para poder recargar por culpa de gente como esta"
@artuo.3283,Me has recordado a Spiriman echando esa bronca. Mucho √°nimo para √©l y fuerza Yeah!!
@rodrigoflash,o se hace desde la administraci√≥n o no hay soluci√≥n. Si hay ley luego es foto y denuncia¬°
@PascualDimas28,Esp√©rate cuando el mundo sea el√©ctrico puro veo a Saul creando un canal de quejas Jajajajaja ahora fuera Co√±as hay mucho Irresponsable que no tiene ni idea de lo que es un coche el√©ctrico o h√≠bridos enchufados y muchos se compran coches el√©ctricos sin consultar su funcionamiento y si hay puntos de recarga es una Verg√ºenza t√∫ lo has dicho Saul L√≥pez
@lucho_socorro,El √∫ltimo auto que iba llegando al aparcamiento era Diesel y se iba a aparcar.üòÇ
@BlackMss,"Toda la raz√≥n del mundo Saul, el parking un 10, los incivicos y los que dan el mal uso los usuarios, y siendo propietarios... vamos, que poca empatia, podrian ser ellos los que necesitaran ese punto de carga, es de idiotas ocupar un ""surtidor"", aparcado, lo mismo los primeros bah, esta vacio... los siguientes, bueno hay dos pos yo tb, el ultimo, justo el que necesitaba cargar de verdad. NoNo y No."
@gonzaloaranda5590,Playa de la concha... incojonuda.... y se la soplan .....  üòÅüòÇüòÉüòÄüòÖ
@eugenioayuso5571,"Estamos en Espa√±a Saul,como eso la gran mayor√≠a de las  cosas.
Tenemos lo que educamos."
@oblitum,El coche azul del final iba a aparcar en la plaza que hab√≠a libre en los cargadores. Menos mal que no lo hizo sino Sa√∫l lo Mata. ü§£
@dg59sf24wt,"Pasa igual con lo s aparcamientos de minusvalidos, en espa√±a hay gente iresponsable..."
@ozu339,Llama a la polic√≠a local
@JavierRigaud,"La cuesti√≥n del morro, el ego√≠smo, la jeta, la falta de empat√≠a que se tiene en general por el pr√≥jimo es end√©mica en √©ste pa√≠s, aunque tampoco es el √∫nico.
Aqu√≠ s√≥lo entendemos a base de multas y palos. Somos as√≠, y no te encabrones porque no tiene remedio. :o("
@angelbull48,"Hay una soluci√≥n, con una llave o una punta, se les deja un mensaje en el capot"
@krowperez,proximamente powerbanks para teslas xDDDDD
@Axlagain,Hay alg√∫n cartel que ponga que es una plaza exclusiva para cargar? De todas formas es un cl√°sico ver coches t√©rmicos aparcados en plazas de carga
@juanmanuelmartinmacho6715,No llevas el rotulador Sa√∫l
@miguelangelsfd,"No tengo coche el√©ctrico pero jam√°s se me ocurrir√≠a aparcar ah√≠. Es una insolidaridad absoluta, por decirlo suavemente."
