Autor,new_processed
@slcuervo,si lo se con el ataque de mala hostia que me entro al ver los coches me puse la mascarilla del reves
@juanblanco2744,yapero lo mismo el k saques las matriculas es una mierda
@crikso1980,pero eso pasa en todos los sitiosno es nada especial simplemente es el ser humano
@ramoncillerofernandez6706,senor si la tarifa en el punto de recarga fuese distinta si no estas cargando verias como era diferente
@josefasuarezsanchez8420,saul esto es espana no hay verguenza que valga
@luismed9862,este es un problema de educacion y cultura y tiene dificil solucion hasta que empiecen a poner multas por eso
@Mac96481,falta de educacion verguenza ajena como en la zona de minusvalidos
@comando555lozam3,entiendo el punto pero es una area publica un parking su funcion es aparcar que le ayan anadido cargadores los hace mas practicos pero eso no significa que nopuedan utilizarse para aparcar es el mundo publico si quieres tener siempre acceso a cargadores comprate uno o espera el turno para descargar recueeda que no eres el unico que conduce en este planeta tambien ten en cuenta que un coche electrico no tiene que aparcar en un surtidor pero uno de combustion en una plaza de aparcamiento si
@gremaagmate,estos son los tipicos que aparcan en zonas de minusvalias y les da igual van de sobrados y asi estamos como manejan coches de mucha pasta pues el mundo es de ellos
@Toni-if4rj,la gente no piensa es muy insolidaria otro ejemplo quien pone los intermitente para senalizar una maniobra
@antoni5186,por cierto he leido algunos comentarios en los que incluso invitan a que retirase el vehiculo la grua algo ilegal por cierto en estos casos y en un parking privado de uso publico o que se multase a los vehiculos en el parking privado algo bastante poco aconsejable evidentemente quienes hacen esas afirmaciones les pasa algo parecido a lo que le pasa a saul que no reflexionan lo suficiente y son los que hacen que se creen leyes restrictivas y muchas formas de multar a la gente para saquear mas nuestros bolsillos lo cierto es que a las personas que piensan asi habria que darles cursos de reeducacion mas amplia y percepcion multiple ya que no se consigue otra cosa que recaudar mas poniendo multas a todo el mundo algo que a los fundamentalistas les encanta y a los vividores les llena los bolsillos lo que hay que hacer es pensar un poco mas y ladrar un poco menos si quienes creen que pueden mantener un parking con plazas limitadas manteniendolas vacias son tan listos lo que deben hacer es montar un parking bajo concesion y ver la rentabilidad pero es mucho mas facil soltar que se ponga multas para que los aprovechados de siempre tomen nota y digan las autoridades despues que es que la gente lo pide desde luego no tenemos mas t0nt0s utiles porque ya no caben
@antoni5186,parece ser que nuevamente vamos a tener que tomar mucho mas en serio que garitano tiene razon pues parece que no te da mucho la capacidad deductiva para pensar de forma mas ecuanime no sabras que si no esta senalizado en un parking claramente como aparcamiento solo exclusivo para vehiculos de carga electrica quiere decir que la plaza puede ser utilizada por cualquiera eso se da por ejemplo en parkings como el de la concha cuando hay pocos coches electricos y muchos termicos que no podrian aparcar teniendo plazas vacias en las que sirven tambien como punto de recarga eso se llama optimizar los recursos quizas si te tomases la molestia de hablar con la direccion del parking mas que con los empleados en si mismo te explicarian las razones pero claro eso a personas que se dejan llevar solo por el fanatismo como te ocurre a ti es poco probable que lo hagan hay otros motivos tambien posibles y justificados o pueden ser personas que no se hayan dado cuenta o simplemente siguiendo instrucciones del personal del parking puesto que tu mismo has podido comprobar que aun habian plazas libres para poder poner vehiculos a recargar y que otros pudiendo estar recargando no lo hacian razones hay solo hay que indignarse un poco menos y pensar un poco mas
@radexx,pues eso dia normal en espana hemos normalizado el egoismo y la mala educacion y eso tiene mala solucion es mas lo llamamos picaresca alegremente
@jonandueza2104,toda la razonun saludo desde donosti
@joseluisguerra1714,se merecen un repaso con un piolet por todo el coche para que vallan ventilados
@CabraConKona,multa y grua si no la gente no aprende
@ManuelRodriguez-dd4jt,saul has dicho polla no te reconozco se va a acabar el mundo
@EnriqueGarcia-yv3xz,mucho hater suelto
@nachomdq32,eso se corrige con carteleria y sanciones carteleria para avisar como es la rioridad y el uso y sanciones fuertes para que les duela el bolsillo si cometen esas estupideces
@josemariarodriguezgarcia5333,el coche del final del video aparco a la izquierda donde habia hueco se merecen simplemente que a alguien se le caiga una piedra en una ventanilla panda de personajes con cero empatia y educacion
@paco4424,puede ser por los colores del parking un parking de la empresa telpark en santander hay uno que las plazas de los cargadores y las plazas que puedes reservar con antelacion son las mismas asi que adivina lo que pasa yo me he quejado pero me ha dado igual el que un electrico ocupe una plaza y no carge ya lo he visto muchas mas veces creo que nos falta mucho civismo
@juanfco.morianaavila2726,eso demuestra que san sebastian es como el resto de espana y si falta mucha cultura todavia sobre este tema y poca voluntad politica porque si aparcas en zona azul y no pagas a la media hora tienes al revisor poniendo la multa logico pues aqui podria ser igual pero no
@rafagonzalez1315,esto es espana que esperabas
@MrRacasado,me imagino que no hay espacio en el parking y puesto que pagas por usarlo lo dejaron ahi al no encontrar otro sitio disponible san sebastian en agosto quiero pensar es por eso
@AlRider,bienvenido a espanistan
@FlyUrrun,como me recuerda a las plazas de personas con movilidad reducidasiempre ocupadas por gente sin ninguna limitacion educacion
@Novacat170,tendrias que venir la grua y llevarse todos los termicos e incluso a los electricos no enchufados que se lleven unos cuantos cientos de euros de multa para que no repitan mas el mal trago de no encontrar el coche
@xavibailac180,saul si conoces ha alguien que fabrique pegatinas haz una reindinvicativa pero con toque gracioso y la pegas al memos luego tendra que sacarla a esto es por falta de regulacion ya que en otros casos se llama a la grua
@l.j.p7060,completamente de acuerdo saul
@rafaelgallegovaldivieso,llegar a un cargador ingeteam de iberdrola y estar un kia cargando enmedio de los dos aparcamientos en otra ocasion en el mismo cargador un coche termico no no somos mejores por ir en coche electrico somos los mismo en coche electrico patinete bicicleta andando
@FranciscoPerez-qe8uf,una verguenza
@antonioclavero8153,lo mismo pasa con las plazas de minusvalidos
@Chuffo,yo desinflo una rueda al menos el susto se lo lleva y a lo mejor estara atento para la proxima porque llamar a la grua es mision imposible
@adrianmartineznoguera1086,indignante
@anibal6996,es lamentable decirlo pero un gran porcentaje de los espanoles se pasan las normas por sus partes como regla general parece que les diese miedo cumplir con las reglas establecidas el que respeta es el pringao mientras el que incumple es el guay
@HTCSpainTV,tienes toda la razon y suave has sido no vale que digan que no se han dado cuenta porque las plazas para electricos encima tienes colores diferentes a las normales pero en el caso de los electricos que no han cargado les deseo que el karma les depare pronto quedarse tirados en carretera
@serafinfuentes629,solo hay egoistas que no piensan en los demas me pongo negro cuando veo coches aparcados en puntos de carga y son de combustion
@FPV-Drones,no se igual es que estan cargando por induccion me ha salido el video un ano mas tarde este finde paso a mirar es falta de cultura creo yo tengo electrico puedo aparcar ahi
@martosjose1709,la ou il y a de gene il ni a pas de plaisir
@enriquecarballo504,que tal un sensor que no son caros conectado al cargador y una vez que el coche aparca treinta segundos cuarenta y cinco no se si no enchufa una alarma
@enriquecarballo504,mas razon es imposible tener
@miguelvolt1977,la solucion es un pequeno rayono llevar un aerosol de color fluorescente lo mejor lo se por experiencia
@akinatron3500,la sopla
@jaimeguil1809,que verguenza hay que ser inutiles
@antoniogilcineasta4788,distraida pero si esta pintado en el suelo y en la paredlo que pasa que no quieren buscar aparcamientoesta vaciopues ahi lo pongocuando sea denunciable y se lo pueda llevar la gruaseguro que no lo aparcan ahi
@emigaspar,una buena pegatina que sea grande y que cueste de quitar en el parabrisas y creo que aprenderan
@chusky9640,una buena descarga donde yo me se les tenia que dar a esos getas por eso seguimos siendo un pais de pandereta por culpa de cuatro descerebrados que solo piensan en su egoismo
@aketzadiez1631,multa
@amadormendez8765,eres muy educadobien yo les mentiria su pinche madre que los pario
@tinochispita,pues si saul verguenza eso es como el vado de los garajes privados el dueno la duena se cree con derecho a poder estacionar en su vado vado que paga para que no estacione ningun vehiculo por la entrada y salida de su coche
@perroviejo7984,por favor tendria que poner un aviso sobre las consecuencias de visualizar el video llevo ya sin dormir varios diasque injusticia
@davidcanas1146,espero que dentro de poco la los quiten con grua
@byronseisseisseis732,ja ja ja lo tuyo es informarnos de carros ese es tu fuerte las injusticias sociales de tu cultura no tinene mayor importancia ya con la nuestra en nuestros propios lugares con eso es suficiente gracias por seguir con la informacion automotriz adelante saul
@larganza,esto es un mal endemico que se vive en espana bien sea en plazas para minusvalidos bien sea para electricos a la gente le suda la picha todo ahora bien no se te ocurra joderle el dia a un jeta de estos que te monta un pollo de tres pares de cojones como propuesta a esta cuestion supongo que habria que poner barreras de suelo accionables solamente por personas con coche hibrido enchufable o electrico la barrera solamente se bajaria al enchufar el coche en el wallbox habria que mirar como se podria hacer eso pero supongo que tecnologia hay para conseguirlo la cosa seria asi te acercas a la plaza para electrico te bajas enchufas al wallbox momento en que baja la barrera y aparcas es posible yo pienso que si y si no lo es habra que inventarlo porque si no
@jesuscapuchino7911,tienes toda la razon saul y si hay motivo y razon para estar molesto es momento de que ya empecemos hacer conciencia y en verdad empezar a molestarse por cosas que antes deciamos hay pa la otra esta bien pero no tenemos que ser mas conscientes y solamente con gente que hace ver errores o nos hace reconocer que estamos mal en algo es cuando puede empezar un proceso de autorreflexion y cambiar conductas gracias
@franciscomurillofernandez7994,tienes toda la razon saul y me parece correcto que saques la matricula de todos estos vehiculos es intolerable el poco civismo que hay
@ivanivan4904,toda la razon saul__y te lo dice un donostiarra__una verguenza_poco mas que anadir__bien dicho todo mi apoyo saulpoco mas que anadir un comportamiento de lo mas reprochable y el que no lo vea asi que se lo haga mirar
@jesushernandez-mn6qz,que es eso de termico
@JC-fi8xn,estas en espana que esperas saludos
@danireina8,aqui si que tendrian que poner multas y no en otras tonterias
@LordRodtan,he visto q muchos hibridos o electricos no enchufados yo creo q la gente se piensa que teniendo electrico esas plazas son para ellos no las ven como surtidores si no como plazas reservadas para electricos
@Camilos1110,uff que te digo sergio eso pasa constantemente en todos lados no hay una cultura de conciencia
@civertron9784,ahi se ve tambien que la mentalidad de los que llevan electricoshibridos enchufables tampoco es muy distinta en cantabria tambien pasa eso se creen que por ser electrico ya pueden dejar el coche aparcado en las zonas de recarga para la proxima lleva un cable de recarga mas largo y dejas tu tesla aparcado frente a ellos sin que puedan salir
@Pedro-vn1lq,creo que llevas la mascarilla al reves
@ogarbanz,jetas de campeonato ese esta bueno
@iosebae,a mi que un termico como lo llamas aparque me parece vergonzoso tanto como los que tienen el electrico y consideran que es su parcela para aparcar cuando quieran y posiblemente a menor precio o gratis ecologistas por interes o jetas y sinverguenzas como los otros solucion si tienes que recargar aparcas en frente y avisas al del parkin y cuando te diga que no puedes aparcar asi le dices que tienes que recargar y no hay plazas y que sancionen a esa gente
@groundman7431,si no fuera por estas practicas egoistascomo ibamos a saber que estamos en espana
@5653sonic,quisiera verlos en holanda hacer lo mismo multa
@adosfilos,es peor los que aparcan en minusvalidos sin serlos tengo un hijo en silla de ruedas y es un infierno ir a un centro comercial siempre estan ocupados la mayoria sin tarjeta de minusvalido te quejas pero como es un parquin privado la policia no puede hacer nada tengo una plaza propia de minusvalido con matricula pues cuando llamo a la urbana se lo lleva la grua y les ponen doscientos euros de multa pues encima me rayan el monovolumen adaptado y me pinchan la ruedas y tu saul te pones de mala hostia porque no puedes enchufar tu coche electrico pues imaginate como me pongo yo
@Ryorr,y que esperas estas en espana
@BlueHorsie,yo les pinchaba las ruedas a todos por egoistas
@johnearl6720,esto no es noruega saul es espana mas concretamente marca espana por eso hay quien no entiende que dejar un vehiculo cargando por las noches en un punto de carga en la calle es jugar a la ruleta rusa la preparacion no es solo en infraestructuras cuando nos comparamos como otros paises mas avanzados en movilidad electrica es en la cabeza tambien en el vado comunitario del edificio tenemos una lucha parecida hay una tienda enfrente de la salida que vende mucho y a diario te aparcan enfrente o en el mismo vado para pasarse cruzando la calle a comprar y no andar unos pasos de mas podrian dejarlo mal como hacen pero unos metros mas adelante y no fastidiar pero aqui somos asi buscamos la solucion mas rapida y mas comoda aunque fastidiemos al resto estamos a anos luz civica y culturalmente del resto de paises como noruega alemania suecia etc etc
@gallegorz8369,con un poquito de comprension y poniendose un poco en el lugar de la otra persona se solucionaban muchas cosas pero como en espana somos yo y yo y luego yo o maicon el ultimo asi nos va
@LappingMaster,el egoismo es un defecto muy extendido
@mesparcia2001,me he enterado del plan renting de tela puedes hacer un video al respecto gracias pd en espana cada uno va a su puta bolacomo no le aranes el coche o le pongas notitas la gente pasa
@tampoib0,yo cuando algun listo usa minusvalido sin serlo rajada de neumaticos y se acaba la historia ya no aparcan mas
@tampoib0,yo tengo una pierna amputada y si vieras la cantidad de gente que estaciona en minusvalido incluso en parking de minusvalido de supermercados y la policia dice que en los supermercados no puede intervenir porque son privados
@ekialdeko,bueno seguro que de entre los que estaban mal aparcados ninguno era de donostia los guipuzcoanos tenemos mas educacion que todo eso
@Dominguez1910,perdona mi ignorancia en el tema estoy interesandome en cambiar a lo electrico desde que te descubri pero el termino termico lo usas para referirte a los de combustion
@joshcala5073,os la sopla mas los de discapacitados y es mas importante
@DJRexOfficial,estoy flipando de la cantidad de puntospuestos de carga que hay y tantos ocupados por coches que no cargan o directamente no son ni electricos o hibridos y despues hay otros sitios que solo hay un par de puntos o tres de carga en un futuro cuando todos los vehiculos sean electricos a ver que gracia les hara a todos y a esos mismos que les de por aparcar en un puesto de carga cuando les pase lo mismo y los encuentren ocupados y les haga falta cargar a todos esos coches se los tenia que llevar la grua sobre todo a los que no son electricos o hibridos pd al principio cuando salieron me gustaban los hibridos ahora que se mas sobre ellos no me gustan es como ponerle una tirita a un corte que necesita puntos
@Mario-mi1pf,nunca faltan las lacras sociales ellos son los que tienen al mundo fregado
@multigames195xy8,yo ya sabia por donde iban los tiros antes de abrir el video porque llevo suscrito a este canal muchos anos jajajajaj sigue asi saul
@ramonhidalgo9250,que lamentable noticia saul parece mentira ver a usuarios de coches electricos y de combustion como confunden lo que realmente es una prioridad la recarga de la bateria en unos simples estacionamientos con ese nivel de conciencia es imposible avanzar
@UnissysTube,en mexico hay una iniciativa para que la gente que pueda probar con video u otras pruebas que alguien esta cometiendo una infraccion puede hacerse acreedor a el diez de el pago de la multa economica que deba pagar el infractor
@xavigonz6610,monta una recogida de firmas para que regularicen el estacionamiento en esos lugares ahora siendo privado poco se puede hacer
@borjarj5yt448,hola yo creo que podrias llamar a la policia y que o se lleven los coches o una multa
@pablogtm3871,q los termicos aparquen tiene delito pero q propietarios de electricos lo hagan es penoso si nosotros mismos no damos ejemplo no podemos pedir a los demas q lo hagan saludos
@domingobailon9191,buenas saul yo pienso que el propio parking deberia amonestar a esos propietarios de esos vehiculos cobrandole un extra por aparcar en zona indebida y asi se lo pensaran de volver a hacerlo
@pedrocasals,a lo mejor es en protesta por los precios de recarga de telpark de todas formas no deja de ser una ptd para todo aquel que si desee cargar
@nicolarubicondo1469,si no sacan una ley que proteja los parking para veiculos electricos la gente va a seguir haciendo la cagada multaaaa para todo aquel que haga eso punto y se acabo en lo que saquen una ley que afecte al bolsillo del infractor no lo dejaran de hacer formalicen una denuncia por escrito con fotos testigod etc etc ante las autoridades competentes y listo claro esperando que las autoridades competetes no hagan caso amiso
@juliangonzalez7679,pues imaginate cuando una persona con discapacidad funcional tambien tiene ocupada la plaza o varias plazas a la vez yo he llegado a ver un vehiculo ocupando el centro cuatro plazas y tambien se la sopla que el discapacitado no pueda usar ninguna de esas plazas
@frandavidramostorres4694,cada dia lo veo mas y salimos perjudicados todos
@a.s.5707,que que pasa que ya no existe la etica el respeto la ensenanza los modales que teniamos antes cuando se vivia muuucho mejor
@diegodig9,vaya puto asco y a medida que se vayan vendiendo mas coches electricos se llenara mas de gente ignorante que se piensa que los puntos de carga son aparcamientos privados para ellos doscientos cuarenta y siete
@martinsoler868,esto es lo que me pasa a mi y a las personas que tenemos una discapacidad y nos encontramos a los retrasados de turno que por no andar unos metros de mas aparcan en los reservados que tenemos y los que tenemos la movilidad reducida nos tenemos que joder
@francenteno5286,si ya lo dije yo en el telegram si nosotros mismos dejamos el coche electrico en pdrs sin cargar porque no lo van a hacer los de combustion hay que tener mucha mucha cara ojala un dia esa gente vaya apurada y haya uno de combustion aparcado en el pdr
@MiguelAngelCC,falta de educacion ya aprenderan cuando les toque cargar a ellos a base de hostias aprende el hombre
@luismialonsobrazuelo8466,este es uno de los motivos mas importantes por lo que de los dos coches que tenemos en casa el que voy a cambiar por un electrico es el pequeno para los kilometros cerca de casa para viajar seguire con el termico unos anos mas
@l.jimenez1362,la gente aparca donde no debe y sobre todo vota a quien no debe la degradacion social es cada vez mas evidente
@Perturlake,una buena pinchada de ruedas a cada uno termico o electrico que no cargue el proximo dia se lo pensarian antes de aparcar ahi
@irvin3300,yo sacaba a pasear los rotuladores blancos para cristal y dejaba los rotuladores secos y parecia que el coche que sale como buscando sitio y da la sensacion de que iba aparcar en el hueco que quedaba libre mientras estabas grabando ese trozo al final lo aparco
@sinzone4k,electricos jajajajaja
@javiergarcial1446,hay que hacerles un rayon a cada uno para que sepan lo que puede pasarles la proxima vez
@JAIMEMARTINEZ-zw4sb,a mi me paso que aparcando en murcia el ano pasado y el parking a rebosar el de seguridad me dojo que aparcara ya que normalmente no hay tantos coches a bateria le dije que si ponia una nota por si algun electrico queria aparcar y quitarlo y me dijo que si tenia que mover lo me lo dirian por megafonia
@oscargonzalezmunoz7344,un dia en donosti y le sale el temperamento del norte
@josemanuelblancespinosa8174,la gente va a su pa bola
@commendatore9001,muy indignante eso y quiza haya una solucion me explico habria que poner multas a eso por la policia local y ojo acorde pues con una legislacion estatal que de cobertura a la local para que no haya pillos que recurran la multa una legislacion de ello en los nuevos planes de transicion energetica y movilidad electrica haz por favor saul presion porque nosotros no podemos ya que estas en tu trabajo con ese lobby en una labor hacia lo electrico pues eso es un autentico y real lastre de los gordos si la administracion esta deseando de poner multas hasta por la linea azul para recaudar pues claro que va a querer por esto y ademas se posibilita la transicion al vehiculo electrico con los nuevos planes resulta muy indignante haz lobby por favor para que sea efectivo el viaje electrico por etica y por justicia
@mongolotube5512,estas cosas son normales en nuestra sociedad no me sorprende absolutamente nada
@nombreapellido9523,si un dia explota la humanidad no sere yo el q pida explicaciones
@ENRRRYKE1,hala saul te entiendo a la perfeccion cuando la gente en general se comporta asi y esto va a mas es decir sin educacion sin principios hasta incluso habra alguien que lo hara por joder cuando la justicia es injusta y los mandatarios unos aprovechados mentirosos e inutiles y esto es solo el principio tan solo hay que esperar a que estalle la olla expres donde todos estamos metidos con las imprevisibles consecuencias y esto solo es cuestion de tiempo no demasiado
@josejgopar,pues que comiencen a tomarse la justicia por vuestra mano jamas volveria a pasar
@anklund,igual en la manga club hotel principe felipe el sabado pasado lo dije en el hotel que habia llamado para avisar que querria cargar y me dijeron que esas plazas eran de tesla y ella no tenian nada que ver cancele la reserva
@josemanuelibernonvalero9636,no pasa nada la policia municipal debe de estar para algo es como cuando aparcan delante de mi vado y no puedo salir a trabajar por ejemplo llamo a la policia primero que quiten el coche y ya no es asunto mio solucion llamar a la policia lo mas didactico es que te toquen el bolsillo un saludo
@diegoantunez1616,tienes toda la razon
@comercialmiproveedorcomipr7147,auuuaaaaauuuuuuuu
@comercialmiproveedorcomipr7147,ponchales las llantas
@momas6668,lo tienen facil para solucionarlo esas plazas que tengan el doble o triple de tarifa si no estas cargando o si finaliza la carga y pasa x tiempo
@juancarlosrodriguezsanchez2793,la culpa es del pasotismo de las autoridades a la hora de denunciar a estos jetas lo saben y por eso actuan asi doscientos cada vez que lo hagan y veras tu como no habria tanto problema un abrazo crack
@MrRicobras,en la calle no pasa tanto pero en los parkings la gente se pasasu ombligo es mejor mas grande y mas redondo que el de los demasla educacion se ve en esas cosaspero como todos sabeisel coche se compra la educacion y el respeto por el projimo se tienen que mamar como echo de menos tiempos pasados a pesar de lo que digan muchos
@jcmurcia5728,welcome to spain
@Sergio-pb2jz,yo iria con un electrico a una gasolinera de cartera aparco frente el surtidor me voy compro lo que me haga falta voy al bano etc y el coche ahi en el surtidor esque es lo mismo
@davidandres5608,oye pachi que yo aparco aqui porque mi coche de combustion es mas chulo que el tuyo por mucho que sea electrico
@gaizkitapowers,eres un valiente saul pero seria mas util poner una queja en el libro de reclamaciones para que el vigilante o la empresa del parking adopte medidas la primera seria no contabilizar estas plazas cuando el resto estan ocupadas porque cuando entras en el parking solo vas a encontrar estas libres y por ahi seguro que no pasan los duenos del parking que estan para ganar dinero y por cierto te van a crujir como si fuera sotogrande estas avisado
@GTpeCesarBabau,saul si vivieras en peru todos los santos dias harias este tipos de videos enserio aqui hasta la autoridad se la sopla como diriamos aqui se la pasa por los saludos saul
@jaimeaudehernandez6338,es una verguenza pero la estupidez humana no tiene limites las plazas son para coches electricos que van a van a cargar y deben tener la consideracion de tomar el tiempo de recarga pues si se llena su auto lo mandatario es retirar el vehiculo a otro lugar y los termicos no tienen justificacion excelente queja constructiva lopez saludos desde republica dominicana
@albertocruz4732,quedate cuando no tengas lugar para enchufarlo los que tienen carros electricos son tan toxicos tanto que en mi ciudad he visto como le pinchan las llantas por aparcar de la misma forma cuando todavia quedan lugares para electricos como en este caso
@JoseFlores-ix4fb,multa y ya
@luisjo1179,doscientos veintiocho okey boomer
@irizar_pablo9246,si sigues por aqui pasate por el parking del centro comercial garbera unos minutos veras que con mas de mil plazas nuevas recien construidas creo que hay menos de diez para coches electricos y estan a unos cien metros de la entrada apostando por el futuro jejeje
@SoloTrading.101,a la gente le importa una mierda literalmente se rien de tu opinion multas cuando te tocan el bolsillo aprendes
@PabloInds,hace unos dias fui a un parking de los mas centricos de mi ciudad valencia y habria ochenta y nueve plazas electricas en la planta en la que estaba y todos menos uno de los coches aparcados ahi no eran electricos de hecho era mas chistoso el asunto porque uno era un coche de finales de los ochenta totalmente surrealista y aparte de la poca educacion de la gente el parking tenia sitios de sobra para los que no tenemos electrico no habia ninguna excusa para dejarlo ahi aparcado
@DJxBarretx,verguenza es la humanidad no aprendemos nada y nos destruimos tiempo perdido
@gandul1234,llama a la policia
@frangarcia5311,es simple no hay educacionni respetooooooo
@electricomusical2482,te entiendo perfectamente saul es que espana es asi cada uno va a su particular guerra y asi nos va el dia que seamos una sociedad con letras mayusculas donde no ocurran estas idioteces de la gente y mala educacion y robos de bicicletas etc entonces estaremos hablando de una sociedad avanzada como en dinamarca noruega etc espabilidad insensatos espabilidad que lo hacen por boicotear lo electrico igualmente con sus pezados de bmw tragones y contaminantes o bien para ocupar la plaza sin enchufar que sin sentidoun saludo mundo con sentido comun
@gmvxtv,pasa con eso con las mascarillas con tirar las cosas a la papeleracontenedor si trump es presidente de eeuu imaginaros el resto nos rodeamos de esa gente que vota a esa gentuza ergo blanco y en botella
@xavierbennasar6602,desgraciadamente saul this is spain ande yo caliente riase la gente y asi nos va en todo
@JULIAN-cl1il,que pensaran los propietarios de los electricos que no estan cargando cuando lleguen a un punto de carga y se encuentren lo que ellos estan haciendo
@ijaen,es lo que siempre digo hace falta mucha educacion y multas
@cct1941,toda la razon panda de incivicos
@SezarBlue,toda la razon a ver si avanza la legislacion y se empieza a sanciona y a retirar coches la grua
@carlosgonzalvezbarroso5860,es una pena asi nos va no hemos aprendido nada con el bicho jamas se me ocurriria estacionar ahi q verguenza en todos lados pasa igual se piensan q son plazas para aparcar los electricos primero yo y despues yo
@efigenerefigener9373,demostracion empirica de la calidad del genero humano por lo menos en estas latitudes
@1421pedro,yo estoy pensando en hacer estrellas para las ruedas me falta el material mas adecuado ideal
@andonidiaz4169,puedes denunciar la situacion en la inspeccion de la policia municipal en los bajos del ayto ellos tienen l potestad de denunciar al coche mal aparcado aunque sea en un parking receta y a correr
@iTomcat7733,pues estoy harto de ver eso en espana y no hablemos de los aparcamientos de minusvalidos
@JosebaEgia,cono podemos quedar para dar una vuelta con mi moto electrica la pena el tiempo
@Bindows,la verdad es que es vergonzoso lo que ocurre al ser parking privado no puedes llamar a la policia local pero si dar aviso al centro comercial y que den matricula por megafonia para que lo retiren o se le retira solo coches cargando no es un parking al uso ni para aparcar solo electricos cargar esa extrana palabra que hay en el diccionario y usamos para el movil
@rubend5000,eso es tan simple como poner unos cepos automaticos las barreras que impiden aparcar en una plaza y que se desbloqueen al activar previamente el cargador por si alguien no lo entiende llego con mi electrico veo una plaza libre bajo del coche activo el cargador y se baja la barrera aparco el coche y a cargar si el tio va de listo y solo lo activa para aparcar pero no recarga el coche tras un tiempo prudencial se le avisa via cargador yo via movil de que debe de conectar el cargador o marcharse y si lo ignora se empieza a contabilizar el monedero asociado a su cuenta asi cuando le llegue el aviso de la pasta que se esta dejando por haber hecho mal uso de la plaza para electricos se lo pensara dos veces antes de hacerlo se da por hecho que un termico no se le podria bajar la barrera por ausencia de cuenta en los surtidores electricos es obvio pero hay gente que no se entera y hay que dejarselo todo mascado
@franciscogaliano8110,pero ademas tienes ciento dos dislikes alucinante
@jorgeam6799,te sorprende
@santiago_s,que significa se la sopla en espana
@pacobelmonte,esto se arregla a host perdon a multas lo de los electricos sin enchufar de traca y su coche de falla valenciana
@i3enito1,les chupa un huevo todo habria que empezar a desinflar varias ruedas
@jacksmithlake5436,facil si vas con tu electrico a este parking ves que estan todos los sitios com carga ocupados y ves a uno termico en el sitio dejas el tuyo aparcado en doble fila para que no salga
@jhonatanrivas7795,es lo que pasa con los inchufable lo compran i nunca usan los electricos
@ruteromaniaco.4025,luego decian que a raiz del covid nos ibamos s convertir en una sociedad mas humana empatica y menos egoista vamos a todo lo contrario
@extrasuave5278,es que creen que es carga inalambrica como algunos telefonos moviles jajaja que descarados
@josegardunoserna1816,fantastico saul a ver si a esa coleccion de caraduras se les cae la cara de verguenza y por lo menos por lo menos no vuelven a tener la cara tan dura de hacer eso que asco de verdad entiendo tu indignacion y ya los que aparcan en plazas habilitadas para minusvalidos ya mejor no sigo que me caliento gentu y tal
@deccoding,van a tener que implementar un sistema de barreras electricas de acceso y que solo los coches electricos puedan habilitar
@BONOPAULCARLOSMIRALLES,asi es verguenza saulbienvenido al pais te tocar los cojones y joder al projimo no respetan las cargas de los electricos pero esos mismos jetas no respetan a los como bien dices te toca los cojpor cierto salu2 sigo tu canal
@carlostorrespaz5592,propongo una solucion deshincharle las cuatro ruedas ojo no pinchar deshinchar y le dejas una notita explicando que mas o menos es igual de agradable llegar y encontrarte las ruedas en el suelo que llegar y encontrarte un termico ocupando un punto de carga
@AlanParkerDJ,una pregunta saul pusiste esta circunstancia en conocimiento de los responsables del parking
@jlpena4597,a saul y a mi se le nota mas enojado al ver vehiculos electricos sin conectar saca la manguera y pon a cargar aunque sea al minimo amperaje con respecto a los termicos estan los listillos los hp y los que aun no saben que son esas cajas colgadas en la pared yo lo tengo muy claro si alguna vez me sucede alguna situacion asi con necesidad de carga aparco cruzado y cargo tranquilamente personalmente no sufro si me danan el coche
@nenegrande,no son termicos en realidad seria mas correcto llamarlos explosivos termicos serian por ejemplo si fuesen de vapor ya se que no has inventado tu el termino pero desde mi punto de vista siempre he visto raro ese nombre y me ha sonado mal el combustible se transforma en calor por su funcionamiento al igual que se calienta el motor de tu tesla debido a su funcionamiento tambien aunque en menor medida que un diesel por supuesto pero en ninguno de los dos el proposito es calentar nada una central electrica de carbon o de diesel por ejemplo si que es termica pero un coche no
@TonY_PR,menuda gentuza jeta no se si es impresion mia o cada vez sube mas el incivismo y la falta absoluta de respeto por lo demas aunque como han dicho en otros comentarios si no se respeta la propia vida a traves de posibles y negligentes contagios como demonios van a respetar estas cuestiones en fin no se va a solucionar como no sea a traves de sanciones multas o similar esta claro a mi particularmente me costara dar el paso por este tipo de cosas que pueden pasarte yo no llevaria nada bien algo asi y no querria hacer algo de lo que luego me arrepienta
@juanjoizquierdo5847,que esperabasesto es espanasi la gente no respeta ni las plazas de minusvalidos
@ivansc46,mientras hablabas he visto a mucha gente guardando la distancia de seguridad y sin mascarilla bienvenido a espana pais de incultos este ano y el que viene vas a ver espanoles por el mundo a cascoporros pero de los inteligentes porque esta plagado de imbeciles
@Cheewe228,vivo aqui saul a dos calles que puta impotencia el parking deberia estar obligado a denunciar o cualquiera de nosotros y venir una grua y adios coche
@santiagogonzalezgosalbo7465,multas no hay otra solucion
@lokodelavida1985,hola hoy vi en sc de tenerife vi i3 aparcado en un cargador y no estaba cargando tenia el parasol puesto osea que ese coche se queda aqui y lo tenia enchufado pero no estaba cargando y el lo que estuve por ahi que fue dos hora estaba aparcado ese coche duerme seguro ahi uno termico aparcado en el otro aparcamiento
@bypelu,por que no hay muchos enchufables ahora mismo pero el dia que empiece haber mas cuando alguien quiera cargar por que lo necesite de verdad y vea eso se enfadara y rayon al canto
@fuckingrobert,ya me imaginaba lo que era solo por el titulo jajajajaja
@QuantumAlchemyst,el tio la vara hay que avisar al tio la vara
@raulmartinezmarguenda7059,toda la razon la culpa de la persona que gestiona el parking multa tomar por
@victormanuelmartinprieto2420,el problema esta en que quien hace eso no ve la critica ni estos videos amigo pero tiene solucion la unica que se entiende en nuestro pais multa sancion y castigo lo del civismo es una batalla perdida da pena mucha pena luego nos quejamos del rey de los politicos y de cualquiera que no seamos nosotros mismos pero somos lo que somos no todos afortunadamente queda gente con dignidad cada vez menos
@ersa8981,que vuelvan los marcadores saul no lo evitara pero el mensaje lo leeran y quiza aprendan
@Zirikatuz,soy de san sebastiam y seme cae la cara de verguenza al ver esto son unos desgraciados los que estan haciendo esto esta puta sociedad solo atiende a sanciones lo demas se la putasuda
@jesusm.2821,asi es tienes toda la razon yo tambien me pongo de mala hostia cuando va un ciclista por la carretera y tiene el carril bici al lado justo en ese mismo paseo de la concha y otros lugares hay de todo
@michelldmarco,se debe presionar a los politicos que bastante cobran que tomen cartas en el asunto una multa generosa mas trabajos sociales pa que sean serios
@navillaxsp,deberia dar verguenza tambien la aglomeracion que se ve al fondo al principio del video
@franciscoperez8940,saul creo que ante este tipo de actos de gente que no tiene respeto ninguno por las normas los parkings deberian tener algun sistema para impedirlo algun tipo de cartel advirtiendo que si no hace uso del punto de recarga sera sancionado con el pago de un dia de estacionamiento cuando pase su matricula por la caja a la gente que hace este tipo de actos no les importa el civismo y la educacion pero puede que una penalizacion economica si les haga pensarselo para la proxima vez el parking deberia tener la potestad de avisar a la policia y sancionar esa matricula a este tipo de gente que no demuestra respeto hacia los demas solo le duele el bolsillo yo no soy por ahora propietario de coche hibrido enchufable ni electrico pero si soy un gran usuario de la educacion y el respeto hacia el projimo te doy la enhorabuena por los conocimientos que nos compartes y el contenido del canal animo y gracias saludos
@SeDjEmAsH,welcome to spain
@ruparo,verguenza no tienen ya lo dice el palabro sinverguenzas
@pichonfarina,jajaja aparcan en vados en pasos de cebra en cebreados en salidas de autovia en la puerta de mi taller con la furgoneta dentro la puerta abierta y alli aparcan como no ivana aparcar en esas plazas mira la que cae con lo del coronavirus no respetan dostanvias ni mascarillas vam a respetar una plaza de aparcamiento
@marioginesta,es que no tienen consecuencias negativas la libertad no siempre es del todo buena
@davidvl3329,estuve ahi hace unas semanas no habia cobertura y tuve que arrancar la carga desde fuera aquel dia no habia ningun geta bloqueando los cargadores van a por ti
@victorhugosancheznaranjo1364,hola saul y no hay alguna legislacion que pueda hacer algo para multar a estos imbeciles me gustaria que fuera una multa como si te estacionaras en un cajon para minusvalidos
@sergimadruenoalvarez4933,esta tarde he visto en un trio de barcelona una nissan env200 aparcada en horizontal ocupando las dos plazas para cargar como minimo estaba enchufada igual que algun tesla que has mostrado tu en los superchargers menuda gracia
@josesantos127,muyyyyyyyy bien dicho mas tenias que haber dicho si senor sigue asi saludos y cuidaros mucho
@gerardogarciamartin7450,y no se puede denunciar al establecimiento este tipo de acciones yo tambien me cabrearia igual que tu saul
@albertolorenzosuarez9104,dale cana al rotulador
@lucianodibernardo1546,saul lamentablemente pasa en todos lados aca en italia tambien
@leyendanegra894,en este caso tienes toda la razon supongo que se deberia diferenciar entre plaza de aparcamiento y plaza de recarga con tiempo limite cosa que ahora no pasa y te encuentras con estos problemas saludos
@MsLuchoV,lo bueno ese peaso fiesta que no encuentra sitio para aparcar y quiere aparcar al lado de donde estabais jajaja y eso que no hablabas precisamente en voz baja en fin condicion humana es
@franciscoalbertogonzalezmu8988,no se tu pero yo si tengo que cargar con una braga arrastro fuera de la plaza al que haya
@mortimercrash560,asi va espanamuy atras en europa
@polloloko903,yo que tu me imprimiria cincuenta copias en un folio a4 y cuando vea algo asi se lo pegaria en el cristal pero con celo del gordo y por los cuatro lados asi la proxima vez al menos se lo piensa yo porque aqui en sevilla hay pocos sitios de electrico pero por si acaso llevare unas copias en una carpeta en el maletero junto a un celo de los de empaquetar de los gordos que cuando lo quitas hasta cuesta jejeje no violencia pero si que reflexione el personalcomo lo veis
@mauricioherrera5957,esto es como la gente que usa los lugares preferenciales a discapacitados
@polloloko903,olee saul que tio haces bien en denunciar esto el otro dia aqui en sevilla mi ciudad habia un audi a1 en una plaza de electrico y le deje una nota porque ademas era en un centro comercial y no era la primera vez que lo veia es decir que trabajara ahi y con lo grande que es el parking el tioa aparca donde los electricos y mira que hay sitios yo creo que es gentuza por dar porsaco
@tyrion2506,no me esperaba para nada que hubiera tanta gente con un vehiculo electrico que sabe como va la cosa con tan poca empatia con los demas
@ctabilo1983,pense que era por la cantidad de gente que hay por la pandemia
@JavierGonzalez-hd2jr,resumido la gente sobre todo en este pais va a su punetera bola eso es lo que pasa lo puedes ver todos los dias a todas horas y en diferentes facetas del dia a dia
@ivantormospozuelo2805,a ver cuando os pase esto es tan sencillo como hacer una foto y presentar una denuncia voluntaria en policia local cualquier ciudadano puede denunciar solo que si no eres agente de la autoridad encargado de la circulacion y de servicio es una denuncia voluntaria y requiere prueba para que no la archiven
@NELSONPSX,siempre admiramos a los europeos pero veo q tambien hay burrosburro viene en distintos idiomas
@TitoTrebol,ahi bien saul que se jodan y que se les vea la matricula a esa gente
@guillerb816,ya esta bien estamos preparados civicamente para la nueva etapa electrica normativa clara y severa ya
@joaquinserrato7902,eso deberia ser sancionable a ver si asi se enteran de lo que es la responsabilidad
@perepep4068,a mi ya no me sorprende nada lo que me sorprende es que no habitemos todavia en una cueva y comamos bayas y flores porque inteligencia ni para cazar un conejo eso los cortos despues estan los demasiado listos que tienen que ir regateando su propio morro porque les llega al suelo
@gergames1974,aqui estan empezando a poner barreras de aparcamiento en los parkings privados con enchufe no hay otra solucion entras te dan la llave bajas la barrera y a cargar que pena que todo lo tengamos que hacer de esa manera xd
@alejandromoreira9896,saul spain is diferent
@PachaJavi,el egoismo humano saul eso es lo que vez cada ves un coche sin enchufar en un punto de carga
@gabrielvc6603,esto es como todo se soluciona con multas y listo luego llegaran los iluminados diciendo que si afan recaudatorio que es mejor educar que falta informacion y gilipolleces varias pero el ser humano es asi de gilipollas solo espeta las normas si le cuesta dinero y el primero que deberia poner sanciones es el parking pero lo mas hiriente de este video es que son los propios interesados los que rompen las normas hay q ser imbecil luego se quemaran cuando esten todos s los puntos de carga ocupados en cualquier sitio y no puedan continuar su viaje
@robertoabeniauliaque1728,y sobran todas las explicaxiones
@FranciscoRam,hombre saul la proxima vez pide a tus amigos que aparten el coche de ahi pa grabar el video que eso ha quedado feo a pesar de las explicaciones
@lluispascualroca1731,porque llevas sesenta y cinco no me gusta la gente es to
@vader288,ahi saulduro con ellos
@raulnet,hoja adhesiva de tamano a4 donde ponga esto es una estacion de carga para vehiculos electricos no es un aparcamiento el mismo tiempo que he tardado en buscar otra estacion de carga libre vas a tardar tu en quitar la pegatina del cristal y pegarla en el campo visual de la luna delantera
@diegodelahoz1690,el del ford fiesta q llegaba cuando terminas el video se estaba pensando aparcar en el sitio libre q habia para cargar
@vitlangara,yo probaria a ir a un punto de informacion con las matriculas de los coches y haria que los llamen por megafonia con las matriculas indicando que son vehiculos termicos aparcados en plazas de vehiculos electricos los cuales necesitan repostar
@ikerizagirre4989,llama a la policia municipal para que los denuncie
@CARSCOCHES,hola por favor sigueme en twitter
@js2797,jajajaja ese que se ve al final llevaba toda la intencion
@mariorodriguezruiz8519,como ideaexiste en algun sitio cargadores con algun tipo de bolardo que solo se baje y te de acceso una vez que te hayas conectado vamos que te cobre una tarifa de acceso que luego se pueda descontar del total que cargas
@joseantoniog6246,no me quiero ni imaginar si alguien aparca en un surtidor esos electricos igual se piensan dentro de su cara dura que son plazas de aparcamiento reservadas para vehiculos electricos
@leonevinci,la solucion mas real es poner los cargadores lo mas lejos de la puerta
@eusebiolivares3415,por desgracia saul es una batalla perdida la gente va a la suya y lo demas se la suda y por ponerte otro ejemplo el que si aparca bien caben dos pero para eso hay que hacer maniobra y lo deja tal y como llega en fin y asi podriamos estar hasta aburrirnos hay gente amargada y malecudaca pero haces bien en denunciarlo gracias por el video y la informacion
@byjoshucod5040,yo hubiera llamado a la policia y que les hubiera metido una multa a cada uno de esos coches que no estaban enchufados y tambien los que son de motor termico una verguenza
@jnmorales2081,si hay gente que pasa de las mascarillas aun pasa mas de no ocupar puesto de recarga
@andrespg8384,comparto tu enfado pero no me sorprende lamentablemente hay mucha gente asi y sospecho que en general somos asi no solo pasa con las plazas de carga de vehiculos electricos que no de estacionamiento o las de minusvalidos ahora que estamos sufriendo una pandemia pasa con el uso de las mascarillas la gente no se las pone o se las cuelga del cuello tambien pasa con el tabaco en general somos egoistas y mal educados tienen que prohibirnos las cosas y aun asi seguimos haciendo lo que nos apetece
@Swapper,yo uso el hashtag aparcascomoungilipollas y ademas tengo unos papelitos muy chulos donde se le dice eso al cretino de turno y se los pongo en limpiaparabrisas en mi caso cuando estan encima de un paso de peatones o en minusvalidos ya que aun no me he pasado a los coches a pilas
@tomaschan5874,ponle un papelito en el parabrisas este sitio esta reservado solo para coches electricos y ademas que esten cargando
@guagiro1301,perfecto me encanta este video y muy bien hecho por denunciarlo y reclamarlo en este video pero ademas de este video que seguramente los duenos de esos autos mal aparcados no van a ver que cono estas haciendo tu para hacerle ver a ellos a los propietarios de esos vehiculos que alli no se pueden estacionar a ver saul sube un video que con dos cojones reclamandoles a esos gilipollas que alli no se pueden estacionar y dejate de pavadas que como tu bien dices en ese video a ellos se la soplan y reclamales de frente a sus duenos
@lluisespinasaroviral7180,muchos no saben lo q un punto carreta otros unos jetas
@casan1095,que le ponchen las llantas a los que no esten enchufados
@nicolasbarck210,a mi esa playa me queda en la concha de la lora
@davidsonike,menuda banda de sinverguenzas
@quintad3368,no les pueda dar verguenza ya que de eso mismo es de lo que carecen
@georgeglez8076,es cosa culturalen todas partes del mundo hay cada carbon
@gloriarg4072,y esto no se puede denunciar
@pmendez,que puta verguenda por dios yo estube en ese parking y en efecto vi eso claro no soy youtuber y tampoco tenia el tiempo para denunciar
@Reggie_BB,pasate a la mascarilla electrica
@albertopiqueras252,no solo para con eso saul pasa con todo cuantos facilitan una incorporacion teniendo el carril izquierdo libre cuantos ponen el intermitente al salir de las rotondas cuantos mantienen distancia de seguridad cuantos sirvan en zonas de minusvalidos cuantos aceleran cuando ven que les vas a adelantar cuantos circulan por carril central en autovia con tres carriles por sentido falta respeto y pensar en los demas esa gente con respetar el limite de velocidad ya se creen que lo estan haciendo bien claro que eso una parte de culpa la tiene la jodete hoy perdon la dgt que piensa y trasmite que la unica regla de circulacion importante sin los limites de velocidad lo demas va lo demas no es importante
@inakicastillolitago9746,ul_lopez es el primer ano que tenemos cargadores en los parkings de donosti y empezamos asi otro vicio habitual es enchufar en los de ibil de la calle para no pagar ota pero bajando el amperaje para no comerte las tarifas de los amigos en ese parking me he sentido yo idiota por ir a aparcar a una plaza normal viendo todos los desenchufados que habia en las plazas de carga
@setlaoui,la lei no contempla llamar a una grua
@aritza6801,tranquilo hombre si total los electricos no valen para viajar ironic mode off
@thetritton1019,llama a la grua y que se los lleven
@samuelsantana4523,eso es lo que siempre pienso cuando veo que la gente ocupa los puntos de cargasean termicos o electricos que no cargan a mi me hacen flaco favor porque no tengo donde cargar en casa y dependo de los puntos del cabildo y o de algun centro comercial hace falta mas civismo mas mano dura y mas puntos de carga
@franciscojaviertoledorubia2839,totalmente sobre todo los electricos que conocen de nuestras limitaciones al tener vehiculo electrico y que por circunstancias podemos tener un apuro y que tengas una necesidad real de carga y que encima que llegas al cargador este ocupado por un companero que se cree que tener vehiculo electrico es una especie de preferencia para aparcar en las plazas reservadas para vehiculos electricos aunque no tengan necesidad de cargar
@hcta,es verdadque no piensan gentenormal que te pones asi yo tambien me pondria igual de mala ostiay es verdadimaginar os que los electricos aparcarian en surtidor del petroleo y iria por ahi en fin solo con videos asi se puede ensenar a la gente que hay por ahi gran videosaul
@carlosrumbopedreira5470,a mi tambien me tocan los cojones viva la educacion de civismo
@josegarcialadrondeguevara1804,esto es espana las normas estan para saltarselas
@marcgr2000,hay gente que aunque llegue puntual llega con retraso
@rasador941,y poco se habla del distanciamiento social a la mierda
@andresseguracano8746,que demonios piensa la gente preguntas en general la gente no piensa aun no lo has aprendido un saludo gran trabajo
@fernandobrito4670,la solucion a eso es una camara en cada cargador y si estaciona un vehiculo que no esta cargando por mas de quince minutos una multa con foto
@andrey_7418,hay que hacer fotos a los coches es legal porque es un lugar publico y que se vea las matriculas y colocar las fotos en lugares publicos como ejemplo negativo
@josereinamartinez5306,toda la razon
@mirrowsedge2707,doscientos treinta y seis ella del ford creo que aparcare por aqui que esta libre
@CharlyOR,saul sin animo de ofender el caso de tu amigo no debio ocurrir estoy de acuerdo en criticar lo criticable pero el buen samaritano por su casa empieza eso de estacionarse solo por un rato solo son cinco mins nada mas en lo que subimos bajamos no si ahi dice que es solo para enchufar es asi y punto el solo motivo de llegar y encontrar estacionado alguien que no deba estar ahi y pedirle por favor que se mueva ya es estresante por que no sabes que tipo de reaccion vaya a tener la otra persona espero no ofender a nadie con mi comentario pero las cosas con el deber ser por favor
@AsaltaViejas,ah pero luego la gente se enoja si alguien sano se estaciona en el parking de minusvalidos perdon por el ejemplo pero es lo mismo la gente es irrespetuosa con los demas
@rafaelcontreras7165,simplemente no hay educacion ni civismo esto deberia estar multado y no con cien sino con una multa que le duela a mas de uno el bolsillo veras como para la proxima se lo piensa dos veces si esto ocurre en san sebastian pues en el resto de espana pasara tambien es lo que hay y habra que aguantarse mientras que no hayan penalizaciones a mi me ha indignado ver esto asi que el que vaya a cargar su coche y se lo encuentre mucho mas indignado quedara
@boquinauer,y que dicen los vigilantes del parking no les van a dar un toque deberia poner algun tipo de aviso incluso alguna tarifa extra algo tan simple disuadiria a los listillos un saludo
@mig29ba,la estupidez humana es infinita mi estimado y lo peor es que pareciera que no tiene limites
@peritomoreno981,solo se puede decir que tienes toda la razon y alertaria a los electrico que no estan enchufados y ellos lo saben bien que cuando llegas con otro electrico sin carga en la bateria aparte de ponerte de mala hostia asustado por que te puedes quedar tirado te entran los nervios y puede pasar cualquier cosa por favor un poco de decencia
@Ru-et4gj,si fuera por mi sobretodo en sitio de minusvalidos les patrocinaba la gracia michelin una y no mas santo tomas
@joanantonim.p.2400,te apoyo con esto al doscientos como siempre spain is different el frances el unico que parece europeo si hubiera o hubiese vigilancia en el parking tendria que poner cartas al asunto me ha parecido esplendido que lo divulgues en la red
@juanantonioch519,la multa es lo unico que entienden algunos
@franperez2963,con la de parados que engrosan la lista del paro podian contratar a un vigilante y solucion al canto lo de la mascarilla ya lo sabes
@jeffpinero3773,hay unos stickers del tamano de una pagina oficio que se colocan en los centros comerciales cuando estas mal parkeado a todos en algun momento nos han colocado alguno y como cuesta sacarlos yo creo que deberia aplicar colocarles el sticker junto a un preservativo y el aviso que indique no te reproduzcas
@cristhianurrego3205,lo peor del tema es que los mismos administradores o el ayuntamiento no hacen control de esta situacion y multa a los que no deben estar alli
@cristhianurrego3205,saul el tema es falta de conciencia ciudadana lo peor del tema es que no solo pasa en tu pais sino en varios las personas en general no piensan en los otros
@jesusandreu3556,tienes toda la razon saul hay mucho listoooooo si no vas a cargarno se debe aparcar
@rdlago,no tengo electrico pero si lo tuviese y me encontrara ese percal les aparco delante enchufo el cargador y si se tienen que ir que se fastidien que me busquen para quitarlo
@alemarino1190,y el rotulador supongo que esta en huelga
@holaeduardorios7738,si no hay sancion nadies respetara
@davidballester8886,por desgracia yo lo veo ya normal donde vivo hay una zona de carga con techo para cuatro coches electricos y hasta hoy todos los coches que he visto aparcados son de combustion y asi seguira
@wolrer350,me voy a poner de tono de llamadaenchufa tu coche cono trescientos catorce
@ruben.garris,tienes toda la razon la gente es egoista y desconsiderada y cada vez va a mas
@albert_sanch,tendria que estar legislado y multa cada vez que ocurrieran estas cosas es la unica solucion para que esta sociedad cumpla esta visto que no hay otra manera luego se quejan que todo esta regulado y cada vez tenemos menos derechos
@holaeduardorios7738,lo que no esta prohibido esta permitido
@chemita79,saul tapa las matriculas cuando edites los videos algun tonto te puede buscar un lio
@DanielGaminoCano,el no preocuparse por la sociedad que dano hace
@endikamesonero,porque tiene tapiceria blanca si no igual podia ser el de antonio lobato que estuvo por alli
@enriqueaparicio6723,es espana que quieres
@h2oyrox2,termico en plaza electrico multa electrico en plaza sin uso multa lamentablemente aprendemos asi o sino porque pensais que la gente no aparca en los reservados para minusvalidos por civismo o por miedo a la multa
@alfonsobf,bienvenido al mundo asi con todo
@orl3on,pues muy bien dicho tienes toda la razon la gente es muy ignorante y gilipollas
@masgas-davidcantero3416,ahi tenias que haber usado el rotulador ese que tienes para pintar en los parabrisas y te le habrias gastado con todos esos jetas
@RICARDONOLBERTO,a mi me pasa tambien en donde hay menos tomasy que haces o te pones malo o disfrutas el ir a a donde vas y olvidar para no alterarteo rayar el coche y luego el vendra a por ti y asi si aparcas cercaen fin deberia denunciarse y que la policia local les envainara una tras otra una multa a cada uno de estos y no ir al centro comercial a llorar debiera haber algo que actuaran y se acabaria
@ivancito7712,yo odio cuando voy al parking del supermercado y esta el tipico listo que tira el coche ocupando dos plazas y se la pela los demas
@David.B.V,pena de que al ser parking particular no se puede multar pero vamos al final se pondran cepos y para pedir la plaza tendras que dar los datos
@julianjosesoriatrenco6715,si hubiera vigilancia por un guardia de seguridad esto no pasaria por desgracia alguna gente hay que ensenarles asi con vigilancia poniendo orden
@the_amazing_hugo3975,lleva un martillo y revientales las lunas
@petargueorguiev2467,lo suyo es que los duenos de los aparcamientos tomen nota pongan carteles con advertencia y cobren suplemento por aparcar mal ya que tienen camaras a base de hostias se acaban las tonterias yo me ponia un pasamontanas y con un clavo grande le hacia dibujospara chulo mi piruloya veras que la proxima vez aparcan en la otra punta del aparcamiento mucho animo saul y un saludo
@alexanderduranguerrero5039,se la soplan todos
@amadolinares1907,vaya tela la gente tiene muy poca verguenza es para ponerles algo en el coche un mensajito
@krakaweb,y las matriculas no se supone que no podian mostrarse en un video a saul le podria caer un puro por mostrarlas
@frangonzalez733,es un problema de educacion nada mas cosa que nos falta mucho en este pais hay que ser zoquete
@aac6563,y donde esta tu marcador que no les dejas un autografo en el parabrisas
@OskarElSombra,la gente se queja siempre de los termicos que se la pelan pero a mi me cabrea mil veces mas el que puede cargar pero ni si quiera enchufa cojone enchufa aun que sea mentira el dia que se pueda denunciar igual que si aparcas en minusvalido ojo que tengo un centro comercial cerca que ya se llevo algun coche que otro por aparcar asi es como los que tienen la tarjeta de minusvalido por tener algun familiar con movilidad reducida y aparca en minusvalidos sin llevar a esa persona en cuestion es para inflarlos a ostias
@hcasal5558,existen unas bolitas de plastico maravillosas tipicamente usadas para pistolas de bolas y muy muy baratas quizas si quitases un par de tapones de ruedas metieses una dentro y lo vuelves a apretar no seria muy etico pero seguro que tambien entienden lo que jode no poder continuar siempre se puede reparar una rueda pero dos no es tan facil lastima que no todos seamos asi pero de verdad que hay cada gentuza suelta
@siriusjjc,tarifa doble de parking y veras como aprenden
@JoseLopez-io6ll,voy a parar con ev en surtidores para comprar chicles y mear esto es la leche
@arturogb5073,se ha demostrado que sin leyes no hay civismo somos asi para todo multas y grua solo entendemos eso
@Ignasipontconduciendo,saul esos coches tendiran que ser multados por ocupar una plaza de carga de coche electrico sin cargar
@jmfdc1973madrid,no hay cultura por eso nos va como nos va
@TheSilvarujo,pegar em meia duzia de eletricos e ir estacionar numa gasolineira
@JDGDOMINGUEZ,os ricos pensades que o mundo xira o voso son non tedes respecto grabas todas as matriculas menos a tua e a do teu colega non sei se os donos deses coches che firmaron un documento de proteccion de datos
@sildima100,primero yo y luego yo
@lendines,saul eso es la marca espana nuestro distintivo la cara dura la sinvergonzoneria el para que me joda yo te jodes tu y aqui las pataletas no sirven para nada un saludo y paciencia
@rubenmalaga,si nadie puede sancionar a los que inhabilitan una plaza de recarga electrica me parece interesante dejarles el coche aparcado justo detras q tampoco nos sancionaran se les deja una nota me he ido a por corriente ahora nuestro tiempo vale lo mismo
@jaimegarciacano,he parado en el cuarenta sera algun gracioso aparcado en una plaza de carga me la juego un coche electrico en una plaza de carga y con el cable desenchufado sigo viendo
@OscarLopez-ur2vm,a mi lo que me jode mas es el listo que carga sus electricos que no son tesla en cargadores destinados para tesla espero que tesla se ponga en ese sentido las pilas llevo cinco meses con mi model tres y todavia no he sido capaz de cargarlo en parquesur un dia un ds otro dia un jaguar es la leche
@JoseTadeo_14,tienen la cara como un muro de ladrillo
@nosesitusabeok,yo me quedo flipando con eso en mi zona an construido un centro comercial nuevo lagoh en sevilla con plazas para electricos las cuales cada vez que he ido estan al casi cien ocupadas por coches de motor termico vamos tengo un electrico necesito cargar y me pasa eso y directamente llamo a la grua o arrastro al susodicho coche fuera de la plaza
@toyota4600ay,que esperabas hay gente muriendo por el covid y se la suda le van a importar aparcar ahi incluyendo a los extranjeros que llegan a espana y se piensan que toda ella es un resort donde pueden hacer lo que les da la gana ah eso si como se te ocurra a ti un espanolito hacer eso o cualquier otra cosa fuera de tonopara que seguir escribiendo
@nordstatplay8306,lo q tendria que hacer un electrico que llega y no puede cargar cruzarle el coche detras y que com el cable supongo que daraque ponga el suyo a cargar y de paso que bloquee al caradura
@nelsonhernandezcontreras7498,multas o infracciones esa es la solucion
@aikido.fusionyarmonia.,quitate el bozal para hablar hombre te vas a axfisiar
@vmqt26,te entiendo muy bien saul a nosotros nos pasa con los aparcamientos para minusvalidos y sobre todo en los supermercados te encuentras casi todos ocupados y hasta aparcan en las lineas blancas que estan hechas para poner la silla de ruedas
@angelbull48,bueno freddie spencer mensaje recibido lo primero es que eres un falton yo no meto a tu madre en esto lo segundo y mas importante es que eres un jeta porque ya dasa entender que si que lo haces e de igual modo que te jode el coche tu estasjodiendo el viaje a quien necesita ese punto de carga para seguir mientras lo tuyo es comodidad jeta que es lo que eres
@Lord_Belial,pasa lo mismo con los aparcamientos de discapacitados que lo veo aun mas grave pero esto es espana y la gente funciona asi falta mucha verguenza y menos cara en este pais
@ovi9610,falta de civismo y educacion pero lo peor es que lo hagan los propietarios de electricos teslas etc falta educacion de noruega ver videos de bjorn nyland en los que todo el mundo cumple escrupulosamente los treinta mins de carga y luego lo mueven a otro sitio saca el rotulador blanco y escribe en los parabrisas
@jesusperez3796,saul si la gente aparca el los supercargadores de tesla al aire libre que vas a esperar en un subterraneo
@evolucion7alf,a la gente les suda la po o no lo quieren entender
@supercell3070,deberias de hacer lo mismo en los puntos de gasolina para que los jodas
@josemariagonzalezromero8896,momento idoneo para sacar el rotulador blanco
@fmchenlo,en lineas de carga van a tener que poner un asistente humano termico que quiera entrar sacarlo antes que lo intente y electricos solo carga incluso que avise por mensaje al titular cuando la carga este completa asi no lo dejan todo el dia y en caso de dejarlo cobrarles un parking costoso
@oscartenerife9831,grande saul
@alean4862,es como los que aparcan en el vado y te hartas a pitar
@alean4862,y no hay encargado en ese parking o aparcar delante y que no puedan salir
@juankr-,el parking deberia identificarles y sumarles al coste del aparcamiento el coste de recarga no utilizada por ocupar esas plazas asi la proxima se lo pensaban dos veces el civismo en espana es un bien escaso
@josegarciadelamor5396,no se si lo contempla la normativa pero si no deberia legislarse asi si pasa eso llegas llamas a la grua y se llevan los no enchufados simple mientras llega esa grua aparcas delante de un vehiculo no enchufado y si es posible con un alargador empalmas hasta tu coche para no perder tiempo de carga
@pacosanchez4691,saul adelante con el rotulador blanco jajajaja
@brastor,la gente les falta respeto y sentido comun solo hace caso cuando les lavan el cerebro desde la television y las rrss
@jesusasencio7082,mas denunciable son los reservados para minusvalidos
@LEKEITIO1979,se llama falta de respeto es asi no hay mas te entiendo
@josuevz0,saul eso es mi dia a dia me compre mi primer tesla coche electrico y coche hace dos meses no tengo punto de carga y cada vez que voy a cargar en cc me encuentro con esto o que no funcionan los pdr por suerte existen los supercharger pero siempre trato de evitarlos para no estropear la bateria saludos
@EduardoGonzalez-rc6kk,queda mucho camino por recorrer recien llegado de mis vacaciones en portugal con mi model tres que me decis de aquellos que ocupan plaza de electrico cargan su coche pero se despreocupan de retirarlo cuando han cargado el cien hablemos tambien de prioridad hibrido enchufable vs electrico puro en fin esto da para un rato
@robertoallende3630,a que en esos puntos cobran por cargar vaya morro tienen algunos
@ernestodominguez3857,lo tienes facil saul envia el video a la policia local guardia civil yo donde corresponda y tomen las medidas reglanentarias ya que se ven claramente las matriculas si todos lo hicieran seguro que nos iria mucho mejor
@Morrison7,esta muy bien la critica saul pero puedes cuidar tus modales y tu vocabulario la proxima vez no hagas el video en caliente sereno te salen mejor y tu tono acido criticando se hace mas interesante piensa en nuestros hijos
@fernanshay,hahahhahahaha sip la verdad molesta
@robertoguerreromartin4971,deberian sancionarlo
@mateolopez2509,al final del video se ve un coche termico que llega a la altura del estacionamiento con pdr que estaba libre intento meterlo ahi
@alexyaurizevallos244,es tan jodido imagina un monton de vehiculos estacionados en una griferia
@albertoecker5196,yo solo pensar que tuviera una urgencia para poder cargar y encontrarme con eso es bufff multa a diestro y siniestro hay jetas por todos los laos cagun les pites
@Josanmoret,saul lopez te veo tan cabreado que hasta la mascarilla la llevas al reves la gente no tiene las cosas claras aun con los vehiculos electricos saul haz cursos de formacion para propietarios de electricos sobre las buenas practicas de uso con los electricos esto lo veo a diario en los aparcamientos privados por desgracia la gente no tiene conciencia civica
@nesthorvilla9965,la gente piensa que no hay coches electricos si lo dice el director le la dgt eso su que es una verdadera verguenza
@blascargar4252,si aparcan en plazas de minusvalido o en vados no van aparcar ahi
@maevaz8770,saul esto es impresionante con la gente y con lo de la mascarilla y la distancia en el bar de atras es igual
@ricardomuor,totalmente de acuerdo
@josecarmonafernandez149,menos mal que en espana no podemos llevar armas como en estados unidos por que con el rebote que llevas no se que abrias hecho
@diegorp5651,ahahahhah ce mamaron
@androidlogin3065,cuando se aplicaran las multas de cien a esos sin verguenzas son plazas reservadas que se aplique la ley de una maldita vez y los sancionen y ya veremos si siguen haciendolo
@bernardcalvo,pues date un paseo por el parking de la estacion de autobuses vas a flipar
@salvadorllansola2754,asi nos crece el pelo es la educacion que tenemos
@davidgaliana3969,en espana no existe la verguenza
@Jorcivic,y reza que no te peguen un portazo ya se sabe la educacion envidia y egoismo que existe por estos lares y todo lo que no es de uno pues respeto y consideracion cero
@javierruiz5028,las plazas con punto de carga deberian de estar al final del parking que solo quisiera ir quien quiera cargar
@javierruiz5028,cartelito poco mas puedes hacer
@GonzarupaEBYC,no tendrian porque pero los de seguridad del parking podrian hacer algo no se si estan capacitados para multar o llamar a las autoridades para proceder a una denuncia pero deberian de darse de vez en cuando alguna que otra vuelta por donde buenamente puedan sin desocupar por completo la sala de monitoreo e intentar ayudar en estas cosas
@ignaciolopezresano3353,like
@blackball255,esto ocurre con las tarjetas de minusvalidos desde hace mucho tiempo y eso si es preocupante porque puede arruinarte una visita
@alaynf5293,disfruta de mi pueblo
@1996MiguelAngel1996,duda legalmente se puede llamar la grua para que se lleven el coche
@Ibarra20091,problemas del primer mundo
@joseurena6549,es que no tenemos normativa ahora dependemos del nivel eticoeducativo de los conductores eso debe ser puesto bajo leyes y con penalidad
@enricdelpozocoma.433,estamos en un pais donde al personal se le da muy bien salir a los balcones a aplaudir y parecer muy solidario pero un pais experto en dar por el saco al projimo y donde se aplica el refran de vaya yo caliente riase la gente mucho golfo suelto
@amenophisvlc688,aqui lo mismo
@andreu8510,bienvenido a ajpana
@danielyara4,de la concha
@Adri02,yo estuve hace un par de semanas en ese mismo parking y habia cinco teslas cargando tuvieron suerte
@Pipipott,la gente no piensa en nada
@McarpinteroGaliano,saull tienes que empezar a mentalizarte el tema de la movilidad electrica hasta hace cuatro dias era de uno romantico pero ahora empiezan tal todo tipo de personas entre las cuales habra una minoria seguro una minoria que son unos jetas y unos desconsiderados y eso es inevitable
@FurKenFK,tenemos que empezar a hacer quedadas para bloquear gasolineras
@Eloy.1972,entiendo tu enfado saul a parte de luchar por la falta de cargadores tambien hay que meter el pco civismo de la gente vergonzoso sin mas
@altramuz00,no hay educacion ni te molestes en comprenderlo saul
@TheGFailure,pena no haber sabido que estabas y te hubiera ayudado a darle cana
@javip9064,yo aparcaria mi xiaomi m365 pro pero lo pondria a cargar
@josealfredorubio2274,que razon tienes
@RENAULTSPORTASTURIAS,se la sopla la multa ya y todogente mayor con dinero que se la sopla todo pa cuatro dias que les queda si hay sitio de sobra en el parking entonces si que habia que insultarlos jajaja
@Jabymg19,vas a tener que comprar una caja de rotuladores con uno no tienes para tanto sinverguenza
@pedrocuesta3099,al igual que hay plazas reservadas para motocicletas y estacionan otros vehiculos podrian cometer infracciones deberia de pasar igual con los hechos que describes exactamente igual de reprochable como dices
@michaelmrlr7586,espanase la sopla todo a mucha gentede ahi la situacion que hay en espanada penita
@TodosElectricos,estuve en el mismo parking el ano pasado y no tenia este problema de hecho en todas las plazas para electricos no habia nadie este es algo que culturalmente no se debe normalizar ya que sino se acaban las posibilidades de cargar
@user-fn1zz2ue8o,hay personas que aparcan en plazas que no les corresponde y hay gente que se pone la mascarilla al reves creyendo que eso les va a proteger a ellos en vez de a los demas y tienen una cosa en comun que lo hacen por egoismo o por despiste pasate a lo electrico aaauuuuuuuu
@pepefernandezrivero9240,a mi esas cosas no me pasan porque me lio a palazos con los coches si es en mi urbanizacion que una vecina aparca el coche muy retirado de la pared y los demas no podemos pasar bien con el coche y ya llevo cuatro notitas dos llamadas al telefonillo y uno llamada a la grua municipal no me quiero imaginar si me pasa eso
@Limoneti,empieza a sacar obuses y saca el rotulador a pasear tambien
@magirusmagirus8045,chapeau saul a ver si con un poco de suerte ven el video algunos de los caraduras ellos o algun conocido que les de un poquito de verguenza al ver sus coches en el video al menos la explicacion a ese tipo de conductas es facil un amigo la resume con una estupenda frase desde hace mucho tiempo cada uno va a lo suyo menos yo que voy a lo mio
@yoyyaesta4808,el cartel pone claramente en tres idiomas solo coches electricos sin embargo este tambien es un tema importante habria que exigir la correcta senalizacion r308 y texto solo coches electricos cargando para que luego no haya problema al multar y retirar el vehiculo
@slcuervo,si lo se con el ataque de mala hostia que me entro al ver los coches me puse la mascarilla del reves
@UleeV90,nunca habia visto a saul tan enojaoo justificado psedit y eso que me he recetado buena parte de sus videos
@ricardalbert3536,esto pasa mucho es muy triste
@JavierMorentin,de lo malo la mayoria son electricos o hibridos enchufables aunque no esten enchufados ahora sabras lo que siento yo cuando voy a aparcar en zona reservada para personas con discapacidad y tengo la plaza ocupada por un coche sin tarjeta
@MileuristaconPanza,perdon ahora bajo
@David23FS,en el cartel pone solo coches electricos no solo coches electricos enchufados pon una queja en el local y que lo cambien pero yo quitando a tu amigo y otro coche el resto los veo bien aparcados segun las indicaciones del parking
@dabelfio,civismo esa palabra no la conoce la gente pero mas critica es que los que llevan electrico no carguen quitando la plaza a uno que lo necesita por favor respetar para que te respeten
@Prestidigitad0r,llevas la mascarilla al reves
@joseluislista5586,amigo saul te olvidas de un detalle estas en espana que esperabas
@sergiorapita,yo les quito el aire a las cuatro ruedas de todos los coches que no estan cargando ya que me joden el viaje a mi pues ellos que no se vayan de rositas y pierdas tantas horas o mas que yo los granitos de arros hacen maravillas para gente asi
@Loren0004,los de los termicos diria que mas de la mitad estan tan atontaos que ni se han dado cuenta pero lo de los electricos denota ese pensamiento tan tipico de listillo de jeje yo tengo un electrico y aparco en la puerta sin pensar si quiera la razon de ser de la prohibicion o peor aun pensandola y diciendo aqui dice vehiculos electricos pues tira patetico
@EN-fs8sc,creo que despues de grabar este video saul se quedo sin tinta en su rotulador
@gatalua,muy facil le plantas tu coche en doble fila y cargas tranquilamente cuando vuelvas si esta esperando le sonries
@edwardma-6559,esta es la consecuencia de la falta de cultura de educacion de conciencia de civismo y un exceso de maldad y de ignorancia
@QuantumAlchemyst,esto se arreglara definitivamente al igual que pasa con los negacionistas del covid diecinueve a los que se la suda ir sin mascarilla y contagiar a otros tendria que estar castigado penalmente como si llevaras una jeringa con virus del sida y amenazaras a la gente de hecho es como ir con un arma cargada pero como en todo las administraciones son leeeentaaaaas y no ponen el semaforo hasta que no hay muertos en la interseccion mano dura y se acabo el problema es ese tipo de individuos egocentricos a los que no les importa nadie mas que ellos no te sulfures saul esto se arregla aunque pueda parecer muy bestia con cuatro coches reventados entonces se lo pensaran dos veces antes de actuar de esa forma pero lo haran para evitar que les vuelvan a reventar el coche no porque se den cuenta de lo nefasto e impresentable de su actitud pero bueno aunque sea por interes propio dejaran de joder a los demas hay gentuza que solo mira por si misma cenutrios por lo general material defectuoso que alli donde van lo joden todo y van sembrando mierda por doquier huyyyy perdon perdon es que se me ha calentado la lengua a mi tb me sacan de quicio
@MalChicho1,toda la razon lo mismo que el supercharger de fuengirola llame hace un ano y mande mails a tesla iberia y el encargado de infraestructuras de tesla iberia me llamo y me prometio y aseguro que la cosa cambiaria alli y que paso una mierda
@arrastaka11,tienen q poner algun sistema de pivote q se desbloquee a la activacion del punto de carga y si te pasas de listo activas aparcas y no enchufas q te cobre veras como nadie aparcaahhh y donosti is different
@stefanomodesti3825,tio estas en donosti ostras cuantos dias duraras
@ochoocho88,civismo es lo que necesitamos
@jonatan7003,tienes toda la razon
@dvrchweesse1frfdozemkaanai594,el ford focus azul que esta al lado de tu coche tambien habria que echarlo a patadas al muy guarro ahi choriceando plaza
@Pauzen69,a lo mejor alguien les raja las cuatro ruedas y aprenden
@juancisneros9654,es q usualmente estaran libres entonces les vale y lo aparcan
@yoyyaesta4808,existe un grupo de personas ponle un diez que viven desconectados de la etica no ven o no quieren ver y por eso el unico sistema son las multas
@Lamaffia360,si hay mucha gente que no es consiente del coronavirus que esta la vida en juego crees que la gente tendra empatia para hacer las cosas bien en los parking electricos esto no es alemania
@The_BlindAlley,pues nada aparca en doble fila te pones a cargar y dejas un telefono en el salpicadero cuando te llamen vas con toda la calma del mundo
@AldoBarahona,es un tema de ser civilizado muchos dicen serlo incluso exigir derechos cuando ellos no los respetan y van de listos ojo dudo que a estas alturas alguien no distinga los colores y porque estan ahi de ahi que la pandemia continue ahi tienes a los chinos ya la han superado en base al respeto
@LLON87,pues tienes toda la razon saul si de por si es dificil encontrar un punto de carga va y te encuentras de que la gente no tiene ni la minima educacion de dejar esa plaza libre para los vehiculos que lo pueden llegar a necesitar pero ya el colmo es que los propios duenos de los electricos aparquen en esas plazas sin cargar pensando que esa plaza es para ellos como si fueran duenos como dices tu saul verguenza le tenian que dar a todos por ciento inflate a dejar escritos en los cristales con el rotulador
@reowdes,pues llama la policia enves de hacer un video
@japostua,mucho sinverguenza hay para mi mas delito tienen los duenos de los electricos y no esten recargando es un punto de recarga no de aparcamiento a ver cuando le entra en la cabeza a la gente a mi cuando me pase aun no tengo electrico te aseguro que aparco delante tiro el cable y me pongo a cargar y me voy de ahi no sale
@pbsbs3751,se podria hinchar a meter multas la policia local
@alvarohurtado125,la verdad esque la gente es asquerosa uno si tienes un termico ni te hacerques a esas plazas dos si tienes un hibrido enchufable aparcas y cargas tres lo peor de lo peorsi tienes un electrico aparca pero carga de verdad no entiendo a la gente apartir de ahora todos los electricos que aparquen en la gasolinera a ver que les parece y los termicos que aparque en la gasolinera pero no reposten a ver que les parece al resto de termicos de verdad cada vez pierdo mas rapido la fe en la humanidad tengo quince anos y me encantan los electricos pero hay gente que no tendria ni que tener carnet de conducir ojala esto lo lea saul por cierto gracias por comunicar esto
@pacomoreno3698,llevas razon saul da verguenza yo tengo un termico y no se me ocurre ocupar un cargador para electricos me daria verguenza
@lobra7,yo llego alli con mi coche electrico y lo pongo delante de uno de esos termicos a cargar y el otro cuando venga a sacar su coche que se joda a tomar por
@luismiliberal,totalmente de acuerdo a mi este verano me han hecho sufrir para poder recargar por culpa de gente como esta
@artuo.3283,me has recordado a spiriman echando esa bronca mucho animo para el y fuerza yeah
@rodrigoflash,o se hace desde la administracion o no hay solucion si hay ley luego es foto y denuncia
@PascualDimas28,esperate cuando el mundo sea electrico puro veo a saul creando un canal de quejas jajajajaja ahora fuera conas hay mucho irresponsable que no tiene ni idea de lo que es un coche electrico o hibridos enchufados y muchos se compran coches electricos sin consultar su funcionamiento y si hay puntos de recarga es una verguenza tu lo has dicho saul lopez
@lucho_socorro,el ultimo auto que iba llegando al aparcamiento era diesel y se iba a aparcar
@BlackMss,toda la razon del mundo saul el parking un diez los incivicos y los que dan el mal uso los usuarios y siendo propietarios vamos que poca empatia podrian ser ellos los que necesitaran ese punto de carga es de idiotas ocupar un surtidor aparcado lo mismo los primeros bah esta vacio los siguientes bueno hay dos pos yo tb el ultimo justo el que necesitaba cargar de verdad nono y no
@gonzaloaranda5590,playa de la concha incojonuda y se la soplan
@eugenioayuso5571,estamos en espana saulcomo eso la gran mayoria de las cosas tenemos lo que educamos
@oblitum,el coche azul del final iba a aparcar en la plaza que habia libre en los cargadores menos mal que no lo hizo sino saul lo mata
@dg59sf24wt,pasa igual con lo s aparcamientos de minusvalidos en espana hay gente iresponsable
@ozu339,llama a la policia local
@JavierRigaud,la cuestion del morro el egoismo la jeta la falta de empatia que se tiene en general por el projimo es endemica en este pais aunque tampoco es el unico aqui solo entendemos a base de multas y palos somos asi y no te encabrones porque no tiene remedio o
@angelbull48,hay una solucion con una llave o una punta se les deja un mensaje en el capot
@krowperez,proximamente powerbanks para teslas xddddd
@Axlagain,hay algun cartel que ponga que es una plaza exclusiva para cargar de todas formas es un clasico ver coches termicos aparcados en plazas de carga
@juanmanuelmartinmacho6715,no llevas el rotulador saul
@miguelangelsfd,no tengo coche electrico pero jamas se me ocurriria aparcar ahi es una insolidaridad absoluta por decirlo suavemente
